0;-10;33000;693;208;
0;-10;37000;734;214;
0;-10;41000;791;225;
0;-10;45000;855;236;
0;-10;49000;924;250;
0;-10;53000;984;261;
0;-10;57000;1036;270;
0;-10;61000;1082;277;
0;-10;65000;1123;282;
0;-10;69000;1163;287;
0;-10;73000;1209;293;
0;-5;33000;701.5;209.5;
0;-5;37000;742.5;216;
0;-5;41000;800.5;227;
0;-5;45000;865.5;238.5;
0;-5;49000;935.5;252;
0;-5;53000;996;263.5;
0;-5;57000;1049;272.5;
0;-5;61000;1095.5;279.5;
0;-5;65000;1137;284.5;
0;-5;69000;1177;289.5;
0;-5;73000;1224;295.5;
0;0;33000;710;211;
0;0;37000;751;218;
0;0;41000;810;229;
0;0;45000;876;241;
0;0;49000;947;254;
0;0;53000;1008;266;
0;0;57000;1062;275;
0;0;61000;1109;282;
0;0;65000;1151;287;
0;0;69000;1191;292;
0;0;73000;1239;298;
0;5;33000;719;213;
0;5;37000;761;220;
0;5;41000;820;231;
0;5;45000;887;243;
0;5;49000;958;257;
0;5;53000;1021;268;
0;5;57000;1074;277;
0;5;61000;1122;284;
0;5;65000;1165;289;
0;5;69000;1206;294;
0;5;73000;1254;301;
0;10;33000;727;215;
0;10;37000;770;222;
0;10;41000;830;233;
0;10;45000;897;245;
0;10;49000;970;259;
0;10;53000;1033;270;
0;10;57000;1087;279;
0;10;61000;1136;287;
0;10;65000;1179;292;
0;10;69000;1220;297;
0;10;73000;1269;303;
0;15;33000;736;217;
0;15;37000;779;224;
0;15;41000;839;235;
0;15;45000;908;247;
0;15;49000;981;261;
0;15;53000;1045;273;
0;15;57000;1100;282;
0;15;61000;1149;289;
0;15;65000;1193;294;
0;15;69000;1235;299;
0;15;73000;1284;306;
0;20;33000;745;218;
0;20;37000;788;226;
0;20;41000;849;236;
0;20;45000;919;249;
0;20;49000;993;263;
0;20;53000;1058;275;
0;20;57000;1113;284;
0;20;61000;1162;291;
0;20;65000;1206;297;
0;20;69000;1249;302;
0;20;73000;1299;308;
10;-10;33000;683;211.2;
10;-10;37000;725;217.8;
10;-10;41000;782.2;229.2;
10;-10;45000;844;240.4;
10;-10;49000;908.6;253.4;
10;-10;53000;964.6;263.4;
10;-10;57000;1013;271.8;
10;-10;61000;1058;278.6;
10;-10;65000;1101.6;284.4;
10;-10;69000;1145.2;290.4;
10;-10;73000;1191.4;296.6;
10;-5;33000;691.4;212.8;
10;-5;37000;733.5;219.9;
10;-5;41000;791.7;231.3;
10;-5;45000;854.4;242.9;
10;-5;49000;919.9;255.5;
10;-5;53000;976.4;265.9;
10;-5;57000;1025.7;274.3;
10;-5;61000;1071.2;281.1;
10;-5;65000;1115.3;286.9;
10;-5;69000;1159.1;292.9;
10;-5;73000;1206.2;299.2;
10;0;33000;699.8;214.4;
10;0;37000;742;222;
10;0;41000;801.2;233.4;
10;0;45000;864.8;245.4;
10;0;49000;931.2;257.6;
10;0;53000;988.2;268.4;
10;0;57000;1038.4;276.8;
10;0;61000;1084.4;283.6;
10;0;65000;1129;289.4;
10;0;69000;1173;295.4;
10;0;73000;1221;301.8;
10;5;33000;708.6;216.4;
10;5;37000;751.8;224;
10;5;41000;811;235.4;
10;5;45000;875.8;247.4;
10;5;49000;942.2;260.4;
10;5;53000;1000.8;270.6;
10;5;57000;1050.4;278.8;
10;5;61000;1097.2;285.8;
10;5;65000;1142.8;291.6;
10;5;69000;1187.8;297.6;
10;5;73000;1235.8;304.6;
10;10;33000;716.6;218.4;
10;10;37000;760.8;226;
10;10;41000;821;237.4;
10;10;45000;885.8;249.4;
10;10;49000;954;262.4;
10;10;53000;1012.6;272.6;
10;10;57000;1063.2;281;
10;10;61000;1111;288.8;
10;10;65000;1156.6;294.6;
10;10;69000;1201.6;300.6;
10;10;73000;1250.8;306.8;
10;15;33000;725.4;220.4;
10;15;37000;769.6;228;
10;15;41000;830;239.6;
10;15;45000;896.6;251.6;
10;15;49000;964.8;264.6;
10;15;53000;1024.6;275.6;
10;15;57000;1075.8;283.8;
10;15;61000;1123.8;290.8;
10;15;65000;1170.4;296.6;
10;15;69000;1216.4;302.6;
10;15;73000;1265.6;309.8;
10;20;33000;734.2;221.6;
10;20;37000;778.6;230;
10;20;41000;840;240.8;
10;20;45000;907.4;253.6;
10;20;49000;976.6;266.6;
10;20;53000;1037.2;277.6;
10;20;57000;1088.6;286;
10;20;61000;1136.6;293;
10;20;65000;1183.4;299.6;
10;20;69000;1230.4;305.6;
10;20;73000;1280.4;312;
20;-10;33000;673;214.4;
20;-10;37000;716;221.6;
20;-10;41000;773.4;233.4;
20;-10;45000;833;244.8;
20;-10;49000;893.2;256.8;
20;-10;53000;945.2;265.8;
20;-10;57000;990;273.6;
20;-10;61000;1034;280.2;
20;-10;65000;1080.2;286.8;
20;-10;69000;1127.4;293.8;
20;-10;73000;1173.8;300.2;
20;-5;33000;681.3;216.1;
20;-5;37000;724.5;223.8;
20;-5;41000;782.9;235.6;
20;-5;45000;843.3;247.3;
20;-5;49000;904.3;259;
20;-5;53000;956.8;268.3;
20;-5;57000;1002.4;276.1;
20;-5;61000;1046.9;282.7;
20;-5;65000;1093.6;289.3;
20;-5;69000;1141.2;296.3;
20;-5;73000;1188.4;302.9;
20;0;33000;689.6;217.8;
20;0;37000;733;226;
20;0;41000;792.4;237.8;
20;0;45000;853.6;249.8;
20;0;49000;915.4;261.2;
20;0;53000;968.4;270.8;
20;0;57000;1014.8;278.6;
20;0;61000;1059.8;285.2;
20;0;65000;1107;291.8;
20;0;69000;1155;298.8;
20;0;73000;1203;305.6;
20;5;33000;698.2;219.8;
20;5;37000;742.6;228;
20;5;41000;802;239.8;
20;5;45000;864.6;251.8;
20;5;49000;926.4;263.8;
20;5;53000;980.6;273.2;
20;5;57000;1026.8;280.6;
20;5;61000;1072.4;287.6;
20;5;65000;1120.6;294.2;
20;5;69000;1169.6;301.2;
20;5;73000;1217.6;308.2;
20;10;33000;706.2;221.8;
20;10;37000;751.6;230;
20;10;41000;812;241.8;
20;10;45000;874.6;253.8;
20;10;49000;938;265.8;
20;10;53000;992.2;275.2;
20;10;57000;1039.4;283;
20;10;61000;1086;290.6;
20;10;65000;1134.2;297.2;
20;10;69000;1183.2;304.2;
20;10;73000;1232.6;310.6;
20;15;33000;714.8;223.8;
20;15;37000;760.2;232;
20;15;41000;821;244.2;
20;15;45000;885.2;256.2;
20;15;49000;948.6;268.2;
20;15;53000;1004.2;278.2;
20;15;57000;1051.6;285.6;
20;15;61000;1098.6;292.6;
20;15;65000;1147.8;299.2;
20;15;69000;1197.8;306.2;
20;15;73000;1247.2;313.6;
20;20;33000;723.4;225.2;
20;20;37000;769.2;234;
20;20;41000;831;245.6;
20;20;45000;895.8;258.2;
20;20;49000;960.2;270.2;
20;20;53000;1016.4;280.2;
20;20;57000;1064.2;288;
20;20;61000;1111.2;295;
20;20;65000;1160.8;302.2;
20;20;69000;1211.8;309.2;
20;20;73000;1261.8;316;
30;-10;33000;663;217.6;
30;-10;37000;707;225.4;
30;-10;41000;764.6;237.6;
30;-10;45000;822;249.2;
30;-10;49000;877.8;260.2;
30;-10;53000;925.8;268.2;
30;-10;57000;967;275.4;
30;-10;61000;1010;281.8;
30;-10;65000;1058.8;289.2;
30;-10;69000;1109.6;297.2;
30;-10;73000;1156.2;303.8;
30;-5;33000;671.2;219.4;
30;-5;37000;715.5;227.7;
30;-5;41000;774.1;239.9;
30;-5;45000;832.2;251.7;
30;-5;49000;888.7;262.5;
30;-5;53000;937.2;270.7;
30;-5;57000;979.1;277.9;
30;-5;61000;1022.6;284.3;
30;-5;65000;1071.9;291.7;
30;-5;69000;1123.3;299.7;
30;-5;73000;1170.6;306.6;
30;0;33000;679.4;221.2;
30;0;37000;724;230;
30;0;41000;783.6;242.2;
30;0;45000;842.4;254.2;
30;0;49000;899.6;264.8;
30;0;53000;948.6;273.2;
30;0;57000;991.2;280.4;
30;0;61000;1035.2;286.8;
30;0;65000;1085;294.2;
30;0;69000;1137;302.2;
30;0;73000;1185;309.4;
30;5;33000;687.8;223.2;
30;5;37000;733.4;232;
30;5;41000;793;244.2;
30;5;45000;853.4;256.2;
30;5;49000;910.6;267.2;
30;5;53000;960.4;275.8;
30;5;57000;1003.2;282.4;
30;5;61000;1047.6;289.4;
30;5;65000;1098.4;296.8;
30;5;69000;1151.4;304.8;
30;5;73000;1199.4;311.8;
30;10;33000;695.8;225.2;
30;10;37000;742.4;234;
30;10;41000;803;246.2;
30;10;45000;863.4;258.2;
30;10;49000;922;269.2;
30;10;53000;971.8;277.8;
30;10;57000;1015.6;285;
30;10;61000;1061;292.4;
30;10;65000;1111.8;299.8;
30;10;69000;1164.8;307.8;
30;10;73000;1214.4;314.4;
30;15;33000;704.2;227.2;
30;15;37000;750.8;236;
30;15;41000;812;248.8;
30;15;45000;873.8;260.8;
30;15;49000;932.4;271.8;
30;15;53000;983.8;280.8;
30;15;57000;1027.4;287.4;
30;15;61000;1073.4;294.4;
30;15;65000;1125.2;301.8;
30;15;69000;1179.2;309.8;
30;15;73000;1228.8;317.4;
30;20;33000;712.6;228.8;
30;20;37000;759.8;238;
30;20;41000;822;250.4;
30;20;45000;884.2;262.8;
30;20;49000;943.8;273.8;
30;20;53000;995.6;282.8;
30;20;57000;1039.8;290;
30;20;61000;1085.8;297;
30;20;65000;1138.2;304.8;
30;20;69000;1193.2;312.8;
30;20;73000;1243.2;320;
40;-10;33000;653;220.8;
40;-10;37000;698;229.2;
40;-10;41000;755.8;241.8;
40;-10;45000;811;253.6;
40;-10;49000;862.4;263.6;
40;-10;53000;906.4;270.6;
40;-10;57000;944;277.2;
40;-10;61000;986;283.4;
40;-10;65000;1037.4;291.6;
40;-10;69000;1091.8;300.6;
40;-10;73000;1138.6;307.4;
40;-5;33000;661.1;222.7;
40;-5;37000;706.5;231.6;
40;-5;41000;765.3;244.2;
40;-5;45000;821.1;256.1;
40;-5;49000;873.1;266;
40;-5;53000;917.6;273.1;
40;-5;57000;955.8;279.7;
40;-5;61000;998.3;285.9;
40;-5;65000;1050.2;294.1;
40;-5;69000;1105.4;303.1;
40;-5;73000;1152.8;310.3;
40;0;33000;669.2;224.6;
40;0;37000;715;234;
40;0;41000;774.8;246.6;
40;0;45000;831.2;258.6;
40;0;49000;883.8;268.4;
40;0;53000;928.8;275.6;
40;0;57000;967.6;282.2;
40;0;61000;1010.6;288.4;
40;0;65000;1063;296.6;
40;0;69000;1119;305.6;
40;0;73000;1167;313.2;
40;5;33000;677.4;226.6;
40;5;37000;724.2;236;
40;5;41000;784;248.6;
40;5;45000;842.2;260.6;
40;5;49000;894.8;270.6;
40;5;53000;940.2;278.4;
40;5;57000;979.6;284.2;
40;5;61000;1022.8;291.2;
40;5;65000;1076.2;299.4;
40;5;69000;1133.2;308.4;
40;5;73000;1181.2;315.4;
40;10;33000;685.4;228.6;
40;10;37000;733.2;238;
40;10;41000;794;250.6;
40;10;45000;852.2;262.6;
40;10;49000;906;272.6;
40;10;53000;951.4;280.4;
40;10;57000;991.8;287;
40;10;61000;1036;294.2;
40;10;65000;1089.4;302.4;
40;10;69000;1146.4;311.4;
40;10;73000;1196.2;318.2;
40;15;33000;693.6;230.6;
40;15;37000;741.4;240;
40;15;41000;803;253.4;
40;15;45000;862.4;265.4;
40;15;49000;916.2;275.4;
40;15;53000;963.4;283.4;
40;15;57000;1003.2;289.2;
40;15;61000;1048.2;296.2;
40;15;65000;1102.6;304.4;
40;15;69000;1160.6;313.4;
40;15;73000;1210.4;321.2;
40;20;33000;701.8;232.4;
40;20;37000;750.4;242;
40;20;41000;813;255.2;
40;20;45000;872.6;267.4;
40;20;49000;927.4;277.4;
40;20;53000;974.8;285.4;
40;20;57000;1015.4;292;
40;20;61000;1060.4;299;
40;20;65000;1115.6;307.4;
40;20;69000;1174.6;316.4;
40;20;73000;1224.6;324;
50;-10;33000;643;224;
50;-10;37000;689;233;
50;-10;41000;747;246;
50;-10;45000;800;258;
50;-10;49000;847;267;
50;-10;53000;887;273;
50;-10;57000;921;279;
50;-10;61000;962;285;
50;-10;65000;1016;294;
50;-10;69000;1074;304;
50;-10;73000;1121;311;
50;-5;33000;651;226;
50;-5;37000;697.5;235.5;
50;-5;41000;756.5;248.5;
50;-5;45000;810;260.5;
50;-5;49000;857.5;269.5;
50;-5;53000;898;275.5;
50;-5;57000;932.5;281.5;
50;-5;61000;974;287.5;
50;-5;65000;1028.5;296.5;
50;-5;69000;1087.5;306.5;
50;-5;73000;1135;314;
50;0;33000;659;228;
50;0;37000;706;238;
50;0;41000;766;251;
50;0;45000;820;263;
50;0;49000;868;272;
50;0;53000;909;278;
50;0;57000;944;284;
50;0;61000;986;290;
50;0;65000;1041;299;
50;0;69000;1101;309;
50;0;73000;1149;317;
50;5;33000;667;230;
50;5;37000;715;240;
50;5;41000;775;253;
50;5;45000;831;265;
50;5;49000;879;274;
50;5;53000;920;281;
50;5;57000;956;286;
50;5;61000;998;293;
50;5;65000;1054;302;
50;5;69000;1115;312;
50;5;73000;1163;319;
50;10;33000;675;232;
50;10;37000;724;242;
50;10;41000;785;255;
50;10;45000;841;267;
50;10;49000;890;276;
50;10;53000;931;283;
50;10;57000;968;289;
50;10;61000;1011;296;
50;10;65000;1067;305;
50;10;69000;1128;315;
50;10;73000;1178;322;
50;15;33000;683;234;
50;15;37000;732;244;
50;15;41000;794;258;
50;15;45000;851;270;
50;15;49000;900;279;
50;15;53000;943;286;
50;15;57000;979;291;
50;15;61000;1023;298;
50;15;65000;1080;307;
50;15;69000;1142;317;
50;15;73000;1192;325;
50;20;33000;691;236;
50;20;37000;741;246;
50;20;41000;804;260;
50;20;45000;861;272;
50;20;49000;911;281;
50;20;53000;954;288;
50;20;57000;991;294;
50;20;61000;1035;301;
50;20;65000;1093;310;
50;20;69000;1156;320;
50;20;73000;1206;328;
60;-10;33000;640.6;229.2;
60;-10;37000;682.4;237.2;
60;-10;41000;735.8;249;
60;-10;45000;786.4;260.2;
60;-10;49000;832.8;269.2;
60;-10;53000;873.6;275.8;
60;-10;57000;909.8;282.4;
60;-10;61000;952;289;
60;-10;65000;1005.2;297.8;
60;-10;69000;1060.8;307.2;
60;-10;73000;1106.4;314;
60;-5;33000;648.7;231.3;
60;-5;37000;690.9;239.7;
60;-5;41000;745.2;251.5;
60;-5;45000;796.3;262.7;
60;-5;49000;843.2;271.7;
60;-5;53000;884.5;278.3;
60;-5;57000;921.3;284.9;
60;-5;61000;964;291.5;
60;-5;65000;1017.7;300.4;
60;-5;69000;1074.2;309.8;
60;-5;73000;1120.3;317;
60;0;33000;656.8;233.4;
60;0;37000;699.4;242.2;
60;0;41000;754.6;254;
60;0;45000;806.2;265.2;
60;0;49000;853.6;274.2;
60;0;53000;895.4;280.8;
60;0;57000;932.8;287.4;
60;0;61000;976;294;
60;0;65000;1030.2;303;
60;0;69000;1087.6;312.4;
60;0;73000;1134.2;320;
60;5;33000;664.8;235.4;
60;5;37000;708.4;244.4;
60;5;41000;763.6;256.2;
60;5;45000;816.8;267.4;
60;5;49000;864.4;276.4;
60;5;53000;906.4;283.8;
60;5;57000;944.6;289.6;
60;5;61000;987.8;297;
60;5;65000;1043;306;
60;5;69000;1101.6;315.4;
60;5;73000;1148.2;322.2;
60;10;33000;672.8;237.4;
60;10;37000;717.4;246.4;
60;10;41000;773.4;258.2;
60;10;45000;826.8;269.6;
60;10;49000;875.2;278.6;
60;10;53000;917.4;286;
60;10;57000;956.6;292.6;
60;10;61000;1000.6;300;
60;10;65000;1056;309;
60;10;69000;1114.6;318.4;
60;10;73000;1163;325.2;
60;15;33000;681;239.6;
60;15;37000;725.4;248.4;
60;15;41000;782.4;261.2;
60;15;45000;836.6;272.4;
60;15;49000;885.4;281.4;
60;15;53000;929.2;288.8;
60;15;57000;967.6;294.8;
60;15;61000;1012.6;302.2;
60;15;65000;1069;311.2;
60;15;69000;1128.4;320.6;
60;15;73000;1177;328.2;
60;20;33000;689;241.6;
60;20;37000;734.4;250.6;
60;20;41000;792.2;263.2;
60;20;45000;846.6;274.6;
60;20;49000;896.2;283.6;
60;20;53000;940;291;
60;20;57000;979.4;297.6;
60;20;61000;1024.6;305.2;
60;20;65000;1081.8;314.2;
60;20;69000;1142.2;323.6;
60;20;73000;1190.8;331.2;
70;-10;33000;638.2;234.4;
70;-10;37000;675.8;241.4;
70;-10;41000;724.6;252;
70;-10;45000;772.8;262.4;
70;-10;49000;818.6;271.4;
70;-10;53000;860.2;278.6;
70;-10;57000;898.6;285.8;
70;-10;61000;942;293;
70;-10;65000;994.4;301.6;
70;-10;69000;1047.6;310.4;
70;-10;73000;1091.8;317;
70;-5;33000;646.4;236.6;
70;-5;37000;684.3;243.9;
70;-5;41000;733.9;254.5;
70;-5;45000;782.6;264.9;
70;-5;49000;828.9;273.9;
70;-5;53000;871;281.1;
70;-5;57000;910.1;288.3;
70;-5;61000;954;295.5;
70;-5;65000;1006.9;304.3;
70;-5;69000;1060.9;313.1;
70;-5;73000;1105.6;320;
70;0;33000;654.6;238.8;
70;0;37000;692.8;246.4;
70;0;41000;743.2;257;
70;0;45000;792.4;267.4;
70;0;49000;839.2;276.4;
70;0;53000;881.8;283.6;
70;0;57000;921.6;290.8;
70;0;61000;966;298;
70;0;65000;1019.4;307;
70;0;69000;1074.2;315.8;
70;0;73000;1119.4;323;
70;5;33000;662.6;240.8;
70;5;37000;701.8;248.8;
70;5;41000;752.2;259.4;
70;5;45000;802.6;269.8;
70;5;49000;849.8;278.8;
70;5;53000;892.8;286.6;
70;5;57000;933.2;293.2;
70;5;61000;977.6;301;
70;5;65000;1032;310;
70;5;69000;1088.2;318.8;
70;5;73000;1133.4;325.4;
70;10;33000;670.6;242.8;
70;10;37000;710.8;250.8;
70;10;41000;761.8;261.4;
70;10;45000;812.6;272.2;
70;10;49000;860.4;281.2;
70;10;53000;903.8;289;
70;10;57000;945.2;296.2;
70;10;61000;990.2;304;
70;10;65000;1045;313;
70;10;69000;1101.2;321.8;
70;10;73000;1148;328.4;
70;15;33000;679;245.2;
70;15;37000;718.8;252.8;
70;15;41000;770.8;264.4;
70;15;45000;822.2;274.8;
70;15;49000;870.8;283.8;
70;15;53000;915.4;291.6;
70;15;57000;956.2;298.6;
70;15;61000;1002.2;306.4;
70;15;65000;1058;315.4;
70;15;69000;1114.8;324.2;
70;15;73000;1162;331.4;
70;20;33000;687;247.2;
70;20;37000;727.8;255.2;
70;20;41000;780.4;266.4;
70;20;45000;832.2;277.2;
70;20;49000;881.4;286.2;
70;20;53000;926;294;
70;20;57000;967.8;301.2;
70;20;61000;1014.2;309.4;
70;20;65000;1070.6;318.4;
70;20;69000;1128.4;327.2;
70;20;73000;1175.6;334.4;
80;-10;33000;635.8;239.6;
80;-10;37000;669.2;245.6;
80;-10;41000;713.4;255;
80;-10;45000;759.2;264.6;
80;-10;49000;804.4;273.6;
80;-10;53000;846.8;281.4;
80;-10;57000;887.4;289.2;
80;-10;61000;932;297;
80;-10;65000;983.6;305.4;
80;-10;69000;1034.4;313.6;
80;-10;73000;1077.2;320;
80;-5;33000;644.1;241.9;
80;-5;37000;677.7;248.1;
80;-5;41000;722.6;257.5;
80;-5;45000;768.9;267.1;
80;-5;49000;814.6;276.1;
80;-5;53000;857.5;283.9;
80;-5;57000;898.9;291.7;
80;-5;61000;944;299.5;
80;-5;65000;996.1;308.2;
80;-5;69000;1047.6;316.4;
80;-5;73000;1090.9;323;
80;0;33000;652.4;244.2;
80;0;37000;686.2;250.6;
80;0;41000;731.8;260;
80;0;45000;778.6;269.6;
80;0;49000;824.8;278.6;
80;0;53000;868.2;286.4;
80;0;57000;910.4;294.2;
80;0;61000;956;302;
80;0;65000;1008.6;311;
80;0;69000;1060.8;319.2;
80;0;73000;1104.6;326;
80;5;33000;660.4;246.2;
80;5;37000;695.2;253.2;
80;5;41000;740.8;262.6;
80;5;45000;788.4;272.2;
80;5;49000;835.2;281.2;
80;5;53000;879.2;289.4;
80;5;57000;921.8;296.8;
80;5;61000;967.4;305;
80;5;65000;1021;314;
80;5;69000;1074.8;322.2;
80;5;73000;1118.6;328.6;
80;10;33000;668.4;248.2;
80;10;37000;704.2;255.2;
80;10;41000;750.2;264.6;
80;10;45000;798.4;274.8;
80;10;49000;845.6;283.8;
80;10;53000;890.2;292;
80;10;57000;933.8;299.8;
80;10;61000;979.8;308;
80;10;65000;1034;317;
80;10;69000;1087.8;325.2;
80;10;73000;1133;331.6;
80;15;33000;677;250.8;
80;15;37000;712.2;257.2;
80;15;41000;759.2;267.6;
80;15;45000;807.8;277.2;
80;15;49000;856.2;286.2;
80;15;53000;901.6;294.4;
80;15;57000;944.8;302.4;
80;15;61000;991.8;310.6;
80;15;65000;1047;319.6;
80;15;69000;1101.2;327.8;
80;15;73000;1147;334.6;
80;20;33000;685;252.8;
80;20;37000;721.2;259.8;
80;20;41000;768.6;269.6;
80;20;45000;817.8;279.8;
80;20;49000;866.6;288.8;
80;20;53000;912;297;
80;20;57000;956.2;304.8;
80;20;61000;1003.8;313.6;
80;20;65000;1059.4;322.6;
80;20;69000;1114.6;330.8;
80;20;73000;1160.4;337.6;
90;-10;33000;633.4;244.8;
90;-10;37000;662.6;249.8;
90;-10;41000;702.2;258;
90;-10;45000;745.6;266.8;
90;-10;49000;790.2;275.8;
90;-10;53000;833.4;284.2;
90;-10;57000;876.2;292.6;
90;-10;61000;922;301;
90;-10;65000;972.8;309.2;
90;-10;69000;1021.2;316.8;
90;-10;73000;1062.6;323;
90;-5;33000;641.8;247.2;
90;-5;37000;671.1;252.3;
90;-5;41000;711.3;260.5;
90;-5;45000;755.2;269.3;
90;-5;49000;800.3;278.3;
90;-5;53000;844;286.7;
90;-5;57000;887.7;295.1;
90;-5;61000;934;303.5;
90;-5;65000;985.3;312.1;
90;-5;69000;1034.3;319.7;
90;-5;73000;1076.2;326;
90;0;33000;650.2;249.6;
90;0;37000;679.6;254.8;
90;0;41000;720.4;263;
90;0;45000;764.8;271.8;
90;0;49000;810.4;280.8;
90;0;53000;854.6;289.2;
90;0;57000;899.2;297.6;
90;0;61000;946;306;
90;0;65000;997.8;315;
90;0;69000;1047.4;322.6;
90;0;73000;1089.8;329;
90;5;33000;658.2;251.6;
90;5;37000;688.6;257.6;
90;5;41000;729.4;265.8;
90;5;45000;774.2;274.6;
90;5;49000;820.6;283.6;
90;5;53000;865.6;292.2;
90;5;57000;910.4;300.4;
90;5;61000;957.2;309;
90;5;65000;1010;318;
90;5;69000;1061.4;325.6;
90;5;73000;1103.8;331.8;
90;10;33000;666.2;253.6;
90;10;37000;697.6;259.6;
90;10;41000;738.6;267.8;
90;10;45000;784.2;277.4;
90;10;49000;830.8;286.4;
90;10;53000;876.6;295;
90;10;57000;922.4;303.4;
90;10;61000;969.4;312;
90;10;65000;1023;321;
90;10;69000;1074.4;328.6;
90;10;73000;1118;334.8;
90;15;33000;675;256.4;
90;15;37000;705.6;261.6;
90;15;41000;747.6;270.8;
90;15;45000;793.4;279.6;
90;15;49000;841.6;288.6;
90;15;53000;887.8;297.2;
90;15;57000;933.4;306.2;
90;15;61000;981.4;314.8;
90;15;65000;1036;323.8;
90;15;69000;1087.6;331.4;
90;15;73000;1132;337.8;
90;20;33000;683;258.4;
90;20;37000;714.6;264.4;
90;20;41000;756.8;272.8;
90;20;45000;803.4;282.4;
90;20;49000;851.8;291.4;
90;20;53000;898;300;
90;20;57000;944.6;308.4;
90;20;61000;993.4;317.8;
90;20;65000;1048.2;326.8;
90;20;69000;1100.8;334.4;
90;20;73000;1145.2;340.8;
100;-10;33000;631;250;
100;-10;37000;656;254;
100;-10;41000;691;261;
100;-10;45000;732;269;
100;-10;49000;776;278;
100;-10;53000;820;287;
100;-10;57000;865;296;
100;-10;61000;912;305;
100;-10;65000;962;313;
100;-10;69000;1008;320;
100;-10;73000;1048;326;
100;-5;33000;639.5;252.5;
100;-5;37000;664.5;256.5;
100;-5;41000;700;263.5;
100;-5;45000;741.5;271.5;
100;-5;49000;786;280.5;
100;-5;53000;830.5;289.5;
100;-5;57000;876.5;298.5;
100;-5;61000;924;307.5;
100;-5;65000;974.5;316;
100;-5;69000;1021;323;
100;-5;73000;1061.5;329;
100;0;33000;648;255;
100;0;37000;673;259;
100;0;41000;709;266;
100;0;45000;751;274;
100;0;49000;796;283;
100;0;53000;841;292;
100;0;57000;888;301;
100;0;61000;936;310;
100;0;65000;987;319;
100;0;69000;1034;326;
100;0;73000;1075;332;
100;5;33000;656;257;
100;5;37000;682;262;
100;5;41000;718;269;
100;5;45000;760;277;
100;5;49000;806;286;
100;5;53000;852;295;
100;5;57000;899;304;
100;5;61000;947;313;
100;5;65000;999;322;
100;5;69000;1048;329;
100;5;73000;1089;335;
100;10;33000;664;259;
100;10;37000;691;264;
100;10;41000;727;271;
100;10;45000;770;280;
100;10;49000;816;289;
100;10;53000;863;298;
100;10;57000;911;307;
100;10;61000;959;316;
100;10;65000;1012;325;
100;10;69000;1061;332;
100;10;73000;1103;338;
100;15;33000;673;262;
100;15;37000;699;266;
100;15;41000;736;274;
100;15;45000;779;282;
100;15;49000;827;291;
100;15;53000;874;300;
100;15;57000;922;310;
100;15;61000;971;319;
100;15;65000;1025;328;
100;15;69000;1074;335;
100;15;73000;1117;341;
100;20;33000;681;264;
100;20;37000;708;269;
100;20;41000;745;276;
100;20;45000;789;285;
100;20;49000;837;294;
100;20;53000;884;303;
100;20;57000;933;312;
100;20;61000;983;322;
100;20;65000;1037;331;
100;20;69000;1087;338;
100;20;73000;1130;344;
110;-10;33000;623;252.6;
110;-10;37000;648.2;256.8;
110;-10;41000;682.8;263.8;
110;-10;45000;725.2;272.4;
110;-10;49000;769.4;281.6;
110;-10;53000;813;290.4;
110;-10;57000;857.4;299.2;
110;-10;61000;903.2;308;
110;-10;65000;953.2;316;
110;-10;69000;1000.2;323.4;
110;-10;73000;1042.2;330;
110;-5;33000;631.3;255.2;
110;-5;37000;656.7;259.4;
110;-5;41000;691.7;266.3;
110;-5;45000;734.7;275;
110;-5;49000;779.4;284.2;
110;-5;53000;823.5;293.1;
110;-5;57000;868.8;301.8;
110;-5;61000;915.1;310.6;
110;-5;65000;965.7;319.1;
110;-5;69000;1013.2;326.5;
110;-5;73000;1055.7;333.1;
110;0;33000;639.6;257.8;
110;0;37000;665.2;262;
110;0;41000;700.6;268.8;
110;0;45000;744.2;277.6;
110;0;49000;789.4;286.8;
110;0;53000;834;295.8;
110;0;57000;880.2;304.4;
110;0;61000;927;313.2;
110;0;65000;978.2;322.2;
110;0;69000;1026.2;329.6;
110;0;73000;1069.2;336.2;
110;5;33000;647.6;259.8;
110;5;37000;674;264.8;
110;5;41000;709.6;271.8;
110;5;45000;753.2;280.4;
110;5;49000;799.4;289.8;
110;5;53000;845;298.8;
110;5;57000;891.2;307.4;
110;5;61000;938.2;316.2;
110;5;65000;990.2;325.2;
110;5;69000;1040;332.6;
110;5;73000;1083;339.2;
110;10;33000;655.6;262;
110;10;37000;682.8;267;
110;10;41000;718.6;274;
110;10;45000;763;283.4;
110;10;49000;809.4;292.8;
110;10;53000;855.8;301.6;
110;10;57000;903;310.4;
110;10;61000;950.2;319.2;
110;10;65000;1003;328.2;
110;10;69000;1053;335.6;
110;10;73000;1097;342.4;
110;15;33000;664.4;264.8;
110;15;37000;691;269.2;
110;15;41000;727.6;276.8;
110;15;45000;772.2;285.6;
110;15;49000;820.2;294.8;
110;15;53000;866.8;303.8;
110;15;57000;914;313.4;
110;15;61000;962;322.2;
110;15;65000;1016;331.2;
110;15;69000;1066;338.8;
110;15;73000;1111;345.4;
110;20;33000;672.4;267;
110;20;37000;699.8;272;
110;20;41000;736.6;279;
110;20;45000;782;288.6;
110;20;49000;830.2;297.8;
110;20;53000;877;306.8;
110;20;57000;925;315.6;
110;20;61000;974;325.2;
110;20;65000;1028;334.2;
110;20;69000;1079;341.8;
110;20;73000;1124.2;348.4;
120;-10;33000;615;255.2;
120;-10;37000;640.4;259.6;
120;-10;41000;674.6;266.6;
120;-10;45000;718.4;275.8;
120;-10;49000;762.8;285.2;
120;-10;53000;806;293.8;
120;-10;57000;849.8;302.4;
120;-10;61000;894.4;311;
120;-10;65000;944.4;319;
120;-10;69000;992.4;326.8;
120;-10;73000;1036.4;334;
120;-5;33000;623.1;257.9;
120;-5;37000;648.9;262.3;
120;-5;41000;683.4;269.1;
120;-5;45000;727.9;278.5;
120;-5;49000;772.8;287.9;
120;-5;53000;816.5;296.7;
120;-5;57000;861.1;305.1;
120;-5;61000;906.2;313.7;
120;-5;65000;956.9;322.2;
120;-5;69000;1005.4;330;
120;-5;73000;1049.9;337.2;
120;0;33000;631.2;260.6;
120;0;37000;657.4;265;
120;0;41000;692.2;271.6;
120;0;45000;737.4;281.2;
120;0;49000;782.8;290.6;
120;0;53000;827;299.6;
120;0;57000;872.4;307.8;
120;0;61000;918;316.4;
120;0;65000;969.4;325.4;
120;0;69000;1018.4;333.2;
120;0;73000;1063.4;340.4;
120;5;33000;639.2;262.6;
120;5;37000;666;267.6;
120;5;41000;701.2;274.6;
120;5;45000;746.4;283.8;
120;5;49000;792.8;293.6;
120;5;53000;838;302.6;
120;5;57000;883.4;310.8;
120;5;61000;929.4;319.4;
120;5;65000;981.4;328.4;
120;5;69000;1032;336.2;
120;5;73000;1077;343.4;
120;10;33000;647.2;265;
120;10;37000;674.6;270;
120;10;41000;710.2;277;
120;10;45000;756;286.8;
120;10;49000;802.8;296.6;
120;10;53000;848.6;305.2;
120;10;57000;895;313.8;
120;10;61000;941.4;322.4;
120;10;65000;994;331.4;
120;10;69000;1045;339.2;
120;10;73000;1091;346.8;
120;15;33000;655.8;267.6;
120;15;37000;683;272.4;
120;15;41000;719.2;279.6;
120;15;45000;765.4;289.2;
120;15;49000;813.4;298.6;
120;15;53000;859.6;307.6;
120;15;57000;906;316.8;
120;15;61000;953;325.4;
120;15;65000;1007;334.4;
120;15;69000;1058;342.6;
120;15;73000;1105;349.8;
120;20;33000;663.8;270;
120;20;37000;691.6;275;
120;20;41000;728.2;282;
120;20;45000;775;292.2;
120;20;49000;823.4;301.6;
120;20;53000;870;310.6;
120;20;57000;917;319.2;
120;20;61000;965;328.4;
120;20;65000;1019;337.4;
120;20;69000;1071;345.6;
120;20;73000;1118.4;352.8;
130;-10;33000;607;257.8;
130;-10;37000;632.6;262.4;
130;-10;41000;666.4;269.4;
130;-10;45000;711.6;279.2;
130;-10;49000;756.2;288.8;
130;-10;53000;799;297.2;
130;-10;57000;842.2;305.6;
130;-10;61000;885.6;314;
130;-10;65000;935.6;322;
130;-10;69000;984.6;330.2;
130;-10;73000;1030.6;338;
130;-5;33000;614.9;260.6;
130;-5;37000;641.1;265.2;
130;-5;41000;675.1;271.9;
130;-5;45000;721.1;282;
130;-5;49000;766.2;291.6;
130;-5;53000;809.5;300.3;
130;-5;57000;853.4;308.4;
130;-5;61000;897.3;316.8;
130;-5;65000;948.1;325.3;
130;-5;69000;997.6;333.5;
130;-5;73000;1044.1;341.3;
130;0;33000;622.8;263.4;
130;0;37000;649.6;268;
130;0;41000;683.8;274.4;
130;0;45000;730.6;284.8;
130;0;49000;776.2;294.4;
130;0;53000;820;303.4;
130;0;57000;864.6;311.2;
130;0;61000;909;319.6;
130;0;65000;960.6;328.6;
130;0;69000;1010.6;336.8;
130;0;73000;1057.6;344.6;
130;5;33000;630.8;265.4;
130;5;37000;658;270.4;
130;5;41000;692.8;277.4;
130;5;45000;739.6;287.2;
130;5;49000;786.2;297.4;
130;5;53000;831;306.4;
130;5;57000;875.6;314.2;
130;5;61000;920.6;322.6;
130;5;65000;972.6;331.6;
130;5;69000;1024;339.8;
130;5;73000;1071;347.6;
130;10;33000;638.8;268;
130;10;37000;666.4;273;
130;10;41000;701.8;280;
130;10;45000;749;290.2;
130;10;49000;796.2;300.4;
130;10;53000;841.4;308.8;
130;10;57000;887;317.2;
130;10;61000;932.6;325.6;
130;10;65000;985;334.6;
130;10;69000;1037;342.8;
130;10;73000;1085;351.2;
130;15;33000;647.2;270.4;
130;15;37000;675;275.6;
130;15;41000;710.8;282.4;
130;15;45000;758.6;292.8;
130;15;49000;806.6;302.4;
130;15;53000;852.4;311.4;
130;15;57000;898;320.2;
130;15;61000;944;328.6;
130;15;65000;998;337.6;
130;15;69000;1050;346.4;
130;15;73000;1099;354.2;
130;20;33000;655.2;273;
130;20;37000;683.4;278;
130;20;41000;719.8;285;
130;20;45000;768;295.8;
130;20;49000;816.6;305.4;
130;20;53000;863;314.4;
130;20;57000;909;322.8;
130;20;61000;956;331.6;
130;20;65000;1010;340.6;
130;20;69000;1063;349.4;
130;20;73000;1112.6;357.2;
140;-10;33000;599;260.4;
140;-10;37000;624.8;265.2;
140;-10;41000;658.2;272.2;
140;-10;45000;704.8;282.6;
140;-10;49000;749.6;292.4;
140;-10;53000;792;300.6;
140;-10;57000;834.6;308.8;
140;-10;61000;876.8;317;
140;-10;65000;926.8;325;
140;-10;69000;976.8;333.6;
140;-10;73000;1024.8;342;
140;-5;33000;606.7;263.3;
140;-5;37000;633.3;268.1;
140;-5;41000;666.8;274.7;
140;-5;45000;714.3;285.5;
140;-5;49000;759.6;295.3;
140;-5;53000;802.5;303.9;
140;-5;57000;845.7;311.7;
140;-5;61000;888.4;319.9;
140;-5;65000;939.3;328.4;
140;-5;69000;989.8;337;
140;-5;73000;1038.3;345.4;
140;0;33000;614.4;266.2;
140;0;37000;641.8;271;
140;0;41000;675.4;277.2;
140;0;45000;723.8;288.4;
140;0;49000;769.6;298.2;
140;0;53000;813;307.2;
140;0;57000;856.8;314.6;
140;0;61000;900;322.8;
140;0;65000;951.8;331.8;
140;0;69000;1002.8;340.4;
140;0;73000;1051.8;348.8;
140;5;33000;622.4;268.2;
140;5;37000;650;273.2;
140;5;41000;684.4;280.2;
140;5;45000;732.8;290.6;
140;5;49000;779.6;301.2;
140;5;53000;824;310.2;
140;5;57000;867.8;317.6;
140;5;61000;911.8;325.8;
140;5;65000;963.8;334.8;
140;5;69000;1016;343.4;
140;5;73000;1065;351.8;
140;10;33000;630.4;271;
140;10;37000;658.2;276;
140;10;41000;693.4;283;
140;10;45000;742;293.6;
140;10;49000;789.6;304.2;
140;10;53000;834.2;312.4;
140;10;57000;879;320.6;
140;10;61000;923.8;328.8;
140;10;65000;976;337.8;
140;10;69000;1029;346.4;
140;10;73000;1079;355.6;
140;15;33000;638.6;273.2;
140;15;37000;667;278.8;
140;15;41000;702.4;285.2;
140;15;45000;751.8;296.4;
140;15;49000;799.8;306.2;
140;15;53000;845.2;315.2;
140;15;57000;890;323.6;
140;15;61000;935;331.8;
140;15;65000;989;340.8;
140;15;69000;1042;350.2;
140;15;73000;1093;358.6;
140;20;33000;646.6;276;
140;20;37000;675.2;281;
140;20;41000;711.4;288;
140;20;45000;761;299.4;
140;20;49000;809.8;309.2;
140;20;53000;856;318.2;
140;20;57000;901;326.4;
140;20;61000;947;334.8;
140;20;65000;1001;343.8;
140;20;69000;1055;353.2;
140;20;73000;1106.8;361.6;
150;-10;33000;591;263;
150;-10;37000;617;268;
150;-10;41000;650;275;
150;-10;45000;698;286;
150;-10;49000;743;296;
150;-10;53000;785;304;
150;-10;57000;827;312;
150;-10;61000;868;320;
150;-10;65000;918;328;
150;-10;69000;969;337;
150;-10;73000;1019;346;
150;-5;33000;598.5;266;
150;-5;37000;625.5;271;
150;-5;41000;658.5;277.5;
150;-5;45000;707.5;289;
150;-5;49000;753;299;
150;-5;53000;795.5;307.5;
150;-5;57000;838;315;
150;-5;61000;879.5;323;
150;-5;65000;930.5;331.5;
150;-5;69000;982;340.5;
150;-5;73000;1032.5;349.5;
150;0;33000;606;269;
150;0;37000;634;274;
150;0;41000;667;280;
150;0;45000;717;292;
150;0;49000;763;302;
150;0;53000;806;311;
150;0;57000;849;318;
150;0;61000;891;326;
150;0;65000;943;335;
150;0;69000;995;344;
150;0;73000;1046;353;
150;5;33000;614;271;
150;5;37000;642;276;
150;5;41000;676;283;
150;5;45000;726;294;
150;5;49000;773;305;
150;5;53000;817;314;
150;5;57000;860;321;
150;5;61000;903;329;
150;5;65000;955;338;
150;5;69000;1008;347;
150;5;73000;1059;356;
150;10;33000;622;274;
150;10;37000;650;279;
150;10;41000;685;286;
150;10;45000;735;297;
150;10;49000;783;308;
150;10;53000;827;316;
150;10;57000;871;324;
150;10;61000;915;332;
150;10;65000;967;341;
150;10;69000;1021;350;
150;10;73000;1073;360;
150;15;33000;630;276;
150;15;37000;659;282;
150;15;41000;694;288;
150;15;45000;745;300;
150;15;49000;793;310;
150;15;53000;838;319;
150;15;57000;882;327;
150;15;61000;926;335;
150;15;65000;980;344;
150;15;69000;1034;354;
150;15;73000;1087;363;
150;20;33000;638;279;
150;20;37000;667;284;
150;20;41000;703;291;
150;20;45000;754;303;
150;20;49000;803;313;
150;20;53000;849;322;
150;20;57000;893;330;
150;20;61000;938;338;
150;20;65000;992;347;
150;20;69000;1047;357;
150;20;73000;1101;366;
160;-10;33000;582.8;266;
160;-10;37000;609.2;271.2;
160;-10;41000;643.6;278.8;
160;-10;45000;690.4;289.6;
160;-10;49000;734.8;299.4;
160;-10;53000;776.8;307.6;
160;-10;57000;819.6;316;
160;-10;61000;861.6;324.4;
160;-10;65000;912;332.8;
160;-10;69000;963.2;341.8;
160;-10;73000;1013;350.8;
160;-5;33000;590.3;269;
160;-5;37000;617.6;274.2;
160;-5;41000;652.1;281.4;
160;-5;45000;699.8;292.6;
160;-5;49000;744.7;302.4;
160;-5;53000;787.3;311.1;
160;-5;57000;830.5;319.1;
160;-5;61000;873.1;327.5;
160;-5;65000;924.5;336.3;
160;-5;69000;976.1;345.4;
160;-5;73000;1026.5;354.4;
160;0;33000;597.8;272;
160;0;37000;626;277.2;
160;0;41000;660.6;284;
160;0;45000;709.2;295.6;
160;0;49000;754.6;305.4;
160;0;53000;797.8;314.6;
160;0;57000;841.4;322.2;
160;0;61000;884.6;330.6;
160;0;65000;937;339.8;
160;0;69000;989;349;
160;0;73000;1040;358;
160;5;33000;605.6;274.2;
160;5;37000;634;279.4;
160;5;41000;669.6;287;
160;5;45000;718.2;297.8;
160;5;49000;764.6;308.4;
160;5;53000;808.6;317.6;
160;5;57000;852.4;325.2;
160;5;61000;896.4;333.6;
160;5;65000;949;343;
160;5;69000;1002.2;352;
160;5;73000;1053;361.2;
160;10;33000;613.6;277.2;
160;10;37000;642;282.4;
160;10;41000;678.4;290;
160;10;45000;727.2;300.8;
160;10;49000;774.6;311.6;
160;10;53000;818.6;319.8;
160;10;57000;863.4;328.4;
160;10;61000;908.4;336.8;
160;10;65000;961;346;
160;10;69000;1015.2;355.2;
160;10;73000;1067;365.2;
160;15;33000;621.6;279.4;
160;15;37000;650.8;285.4;
160;15;41000;687.4;292.2;
160;15;45000;737;303.8;
160;15;49000;784.6;313.8;
160;15;53000;829.6;322.8;
160;15;57000;874.4;331.4;
160;15;61000;919.6;339.8;
160;15;65000;974;349.2;
160;15;69000;1028.2;359.2;
160;15;73000;1081;368.2;
160;20;33000;629.4;282.2;
160;20;37000;658.8;287.6;
160;20;41000;696.2;295.2;
160;20;45000;746;306.8;
160;20;49000;794.4;316.8;
160;20;53000;840.4;326;
160;20;57000;885.4;334.4;
160;20;61000;931.4;343;
160;20;65000;986;352.2;
160;20;69000;1041.2;362.2;
160;20;73000;1095;371.4;
170;-10;33000;574.6;269;
170;-10;37000;601.4;274.4;
170;-10;41000;637.2;282.6;
170;-10;45000;682.8;293.2;
170;-10;49000;726.6;302.8;
170;-10;53000;768.6;311.2;
170;-10;57000;812.2;320;
170;-10;61000;855.2;328.8;
170;-10;65000;906;337.6;
170;-10;69000;957.4;346.6;
170;-10;73000;1007;355.6;
170;-5;33000;582.1;272;
170;-5;37000;609.7;277.4;
170;-5;41000;645.7;285.3;
170;-5;45000;692.1;296.2;
170;-5;49000;736.4;305.8;
170;-5;53000;779.1;314.7;
170;-5;57000;823;323.2;
170;-5;61000;866.7;332;
170;-5;65000;918.5;341.1;
170;-5;69000;970.2;350.3;
170;-5;73000;1020.5;359.3;
170;0;33000;589.6;275;
170;0;37000;618;280.4;
170;0;41000;654.2;288;
170;0;45000;701.4;299.2;
170;0;49000;746.2;308.8;
170;0;53000;789.6;318.2;
170;0;57000;833.8;326.4;
170;0;61000;878.2;335.2;
170;0;65000;931;344.6;
170;0;69000;983;354;
170;0;73000;1034;363;
170;5;33000;597.2;277.4;
170;5;37000;626;282.8;
170;5;41000;663.2;291;
170;5;45000;710.4;301.6;
170;5;49000;756.2;311.8;
170;5;53000;800.2;321.2;
170;5;57000;844.8;329.4;
170;5;61000;889.8;338.2;
170;5;65000;943;348;
170;5;69000;996.4;357;
170;5;73000;1047;366.4;
170;10;33000;605.2;280.4;
170;10;37000;634;285.8;
170;10;41000;671.8;294;
170;10;45000;719.4;304.6;
170;10;49000;766.2;315.2;
170;10;53000;810.2;323.6;
170;10;57000;855.8;332.8;
170;10;61000;901.8;341.6;
170;10;65000;955;351;
170;10;69000;1009.4;360.4;
170;10;73000;1061;370.4;
170;15;33000;613.2;282.8;
170;15;37000;642.6;288.8;
170;15;41000;680.8;296.4;
170;15;45000;729;307.6;
170;15;49000;776.2;317.6;
170;15;53000;821.2;326.6;
170;15;57000;866.8;335.8;
170;15;61000;913.2;344.6;
170;15;65000;968;354.4;
170;15;69000;1022.4;364.4;
170;15;73000;1075;373.4;
170;20;33000;620.8;285.4;
170;20;37000;650.6;291.2;
170;20;41000;689.4;299.4;
170;20;45000;738;310.6;
170;20;49000;785.8;320.6;
170;20;53000;831.8;330;
170;20;57000;877.8;338.8;
170;20;61000;924.8;348;
170;20;65000;980;357.4;
170;20;69000;1035.4;367.4;
170;20;73000;1089;376.8;
180;-10;33000;566.4;272;
180;-10;37000;593.6;277.6;
180;-10;41000;630.8;286.4;
180;-10;45000;675.2;296.8;
180;-10;49000;718.4;306.2;
180;-10;53000;760.4;314.8;
180;-10;57000;804.8;324;
180;-10;61000;848.8;333.2;
180;-10;65000;900;342.4;
180;-10;69000;951.6;351.4;
180;-10;73000;1001;360.4;
180;-5;33000;573.9;275;
180;-5;37000;601.8;280.6;
180;-5;41000;639.3;289.2;
180;-5;45000;684.4;299.8;
180;-5;49000;728.1;309.2;
180;-5;53000;770.9;318.3;
180;-5;57000;815.5;327.3;
180;-5;61000;860.3;336.5;
180;-5;65000;912.5;345.9;
180;-5;69000;964.3;355.2;
180;-5;73000;1014.5;364.2;
180;0;33000;581.4;278;
180;0;37000;610;283.6;
180;0;41000;647.8;292;
180;0;45000;693.6;302.8;
180;0;49000;737.8;312.2;
180;0;53000;781.4;321.8;
180;0;57000;826.2;330.6;
180;0;61000;871.8;339.8;
180;0;65000;925;349.4;
180;0;69000;977;359;
180;0;73000;1028;368;
180;5;33000;588.8;280.6;
180;5;37000;618;286.2;
180;5;41000;656.8;295;
180;5;45000;702.6;305.4;
180;5;49000;747.8;315.2;
180;5;53000;791.8;324.8;
180;5;57000;837.2;333.6;
180;5;61000;883.2;342.8;
180;5;65000;937;353;
180;5;69000;990.6;362;
180;5;73000;1041;371.6;
180;10;33000;596.8;283.6;
180;10;37000;626;289.2;
180;10;41000;665.2;298;
180;10;45000;711.6;308.4;
180;10;49000;757.8;318.8;
180;10;53000;801.8;327.4;
180;10;57000;848.2;337.2;
180;10;61000;895.2;346.4;
180;10;65000;949;356;
180;10;69000;1003.6;365.6;
180;10;73000;1055;375.6;
180;15;33000;604.8;286.2;
180;15;37000;634.4;292.2;
180;15;41000;674.2;300.6;
180;15;45000;721;311.4;
180;15;49000;767.8;321.4;
180;15;53000;812.8;330.4;
180;15;57000;859.2;340.2;
180;15;61000;906.8;349.4;
180;15;65000;962;359.6;
180;15;69000;1016.6;369.6;
180;15;73000;1069;378.6;
180;20;33000;612.2;288.6;
180;20;37000;642.4;294.8;
180;20;41000;682.6;303.6;
180;20;45000;730;314.4;
180;20;49000;777.2;324.4;
180;20;53000;823.2;334;
180;20;57000;870.2;343.2;
180;20;61000;918.2;353;
180;20;65000;974;362.6;
180;20;69000;1029.6;372.6;
180;20;73000;1083;382.2;
190;-10;33000;558.2;275;
190;-10;37000;585.8;280.8;
190;-10;41000;624.4;290.2;
190;-10;45000;667.6;300.4;
190;-10;49000;710.2;309.6;
190;-10;53000;752.2;318.4;
190;-10;57000;797.4;328;
190;-10;61000;842.4;337.6;
190;-10;65000;894;347.2;
190;-10;69000;945.8;356.2;
190;-10;73000;995;365.2;
190;-5;33000;565.7;278;
190;-5;37000;593.9;283.8;
190;-5;41000;632.9;293.1;
190;-5;45000;676.7;303.4;
190;-5;49000;719.8;312.6;
190;-5;53000;762.7;321.9;
190;-5;57000;808;331.4;
190;-5;61000;853.9;341;
190;-5;65000;906.5;350.7;
190;-5;69000;958.4;360.1;
190;-5;73000;1008.5;369.1;
190;0;33000;573.2;281;
190;0;37000;602;286.8;
190;0;41000;641.4;296;
190;0;45000;685.8;306.4;
190;0;49000;729.4;315.6;
190;0;53000;773.2;325.4;
190;0;57000;818.6;334.8;
190;0;61000;865.4;344.4;
190;0;65000;919;354.2;
190;0;69000;971;364;
190;0;73000;1022;373;
190;5;33000;580.4;283.8;
190;5;37000;610;289.6;
190;5;41000;650.4;299;
190;5;45000;694.8;309.2;
190;5;49000;739.4;318.6;
190;5;53000;783.4;328.4;
190;5;57000;829.6;337.8;
190;5;61000;876.6;347.4;
190;5;65000;931;358;
190;5;69000;984.8;367;
190;5;73000;1035;376.8;
190;10;33000;588.4;286.8;
190;10;37000;618;292.6;
190;10;41000;658.6;302;
190;10;45000;703.8;312.2;
190;10;49000;749.4;322.4;
190;10;53000;793.4;331.2;
190;10;57000;840.6;341.6;
190;10;61000;888.6;351.2;
190;10;65000;943;361;
190;10;69000;997.8;370.8;
190;10;73000;1049;380.8;
190;15;33000;596.4;289.6;
190;15;37000;626.2;295.6;
190;15;41000;667.6;304.8;
190;15;45000;713;315.2;
190;15;49000;759.4;325.2;
190;15;53000;804.4;334.2;
190;15;57000;851.6;344.6;
190;15;61000;900.4;354.2;
190;15;65000;956;364.8;
190;15;69000;1010.8;374.8;
190;15;73000;1063;383.8;
190;20;33000;603.6;291.8;
190;20;37000;634.2;298.4;
190;20;41000;675.8;307.8;
190;20;45000;722;318.2;
190;20;49000;768.6;328.2;
190;20;53000;814.6;338;
190;20;57000;862.6;347.6;
190;20;61000;911.6;358;
190;20;65000;968;367.8;
190;20;69000;1023.8;377.8;
190;20;73000;1077;387.6;
200;-10;33000;550;278;
200;-10;37000;578;284;
200;-10;41000;618;294;
200;-10;45000;660;304;
200;-10;49000;702;313;
200;-10;53000;744;322;
200;-10;57000;790;332;
200;-10;61000;836;342;
200;-10;65000;888;352;
200;-10;69000;940;361;
200;-10;73000;989;370;
200;-5;33000;557.5;281;
200;-5;37000;586;287;
200;-5;41000;626.5;297;
200;-5;45000;669;307;
200;-5;49000;711.5;316;
200;-5;53000;754.5;325.5;
200;-5;57000;800.5;335.5;
200;-5;61000;847.5;345.5;
200;-5;65000;900.5;355.5;
200;-5;69000;952.5;365;
200;-5;73000;1002.5;374;
200;0;33000;565;284;
200;0;37000;594;290;
200;0;41000;635;300;
200;0;45000;678;310;
200;0;49000;721;319;
200;0;53000;765;329;
200;0;57000;811;339;
200;0;61000;859;349;
200;0;65000;913;359;
200;0;69000;965;369;
200;0;73000;1016;378;
200;5;33000;572;287;
200;5;37000;602;293;
200;5;41000;644;303;
200;5;45000;687;313;
200;5;49000;731;322;
200;5;53000;775;332;
200;5;57000;822;342;
200;5;61000;870;352;
200;5;65000;925;363;
200;5;69000;979;372;
200;5;73000;1029;382;
200;10;33000;580;290;
200;10;37000;610;296;
200;10;41000;652;306;
200;10;45000;696;316;
200;10;49000;741;326;
200;10;53000;785;335;
200;10;57000;833;346;
200;10;61000;882;356;
200;10;65000;937;366;
200;10;69000;992;376;
200;10;73000;1043;386;
200;15;33000;588;293;
200;15;37000;618;299;
200;15;41000;661;309;
200;15;45000;705;319;
200;15;49000;751;329;
200;15;53000;796;338;
200;15;57000;844;349;
200;15;61000;894;359;
200;15;65000;950;370;
200;15;69000;1005;380;
200;15;73000;1057;389;
200;20;33000;595;295;
200;20;37000;626;302;
200;20;41000;669;312;
200;20;45000;714;322;
200;20;49000;760;332;
200;20;53000;806;342;
200;20;57000;855;352;
200;20;61000;905;363;
200;20;65000;962;373;
200;20;69000;1018;383;
200;20;73000;1071;393;
210;-10;33000;543.2;281.4;
210;-10;37000;571;287.4;
210;-10;41000;611.4;297.4;
210;-10;45000;654;307.8;
210;-10;49000;697;317.4;
210;-10;53000;739.4;326.8;
210;-10;57000;785.4;337;
210;-10;61000;831.6;347;
210;-10;65000;884.2;357.2;
210;-10;69000;937.2;366.6;
210;-10;73000;987.2;376;
210;-5;33000;550.6;284.5;
210;-5;37000;578.9;290.4;
210;-5;41000;619.8;300.5;
210;-5;45000;663;310.9;
210;-5;49000;706.5;320.6;
210;-5;53000;749.8;330.4;
210;-5;57000;796;340.5;
210;-5;61000;843.1;350.6;
210;-5;65000;896.6;360.8;
210;-5;69000;949.8;370.6;
210;-5;73000;1000.8;380;
210;0;33000;558;287.6;
210;0;37000;586.8;293.4;
210;0;41000;628.2;303.6;
210;0;45000;672;314;
210;0;49000;716;323.8;
210;0;53000;760.2;334;
210;0;57000;806.6;344;
210;0;61000;854.6;354.2;
210;0;65000;909;364.4;
210;0;69000;962.4;374.6;
210;0;73000;1014.4;384;
210;5;33000;565.2;290.6;
210;5;37000;594.8;296.4;
210;5;41000;637;306.6;
210;5;45000;681;317.2;
210;5;49000;726;326.8;
210;5;53000;770.4;337.2;
210;5;57000;817.4;347.2;
210;5;61000;865.6;357.4;
210;5;65000;921;368.4;
210;5;69000;976.2;378;
210;5;73000;1027.6;388.2;
210;10;33000;573;293.6;
210;10;37000;602.8;299.6;
210;10;41000;645.2;309.8;
210;10;45000;690;320.2;
210;10;49000;735.8;330.8;
210;10;53000;780.4;340.2;
210;10;57000;828.4;351.2;
210;10;61000;877.6;361.4;
210;10;65000;933.2;371.6;
210;10;69000;989.2;382;
210;10;73000;1041.6;392.2;
210;15;33000;580.8;296.6;
210;15;37000;610.6;302.6;
210;15;41000;654;312.8;
210;15;45000;699;323.4;
210;15;49000;745.8;333.8;
210;15;53000;791.2;343.4;
210;15;57000;839.4;354.4;
210;15;61000;889.6;364.4;
210;15;65000;946;375.6;
210;15;69000;1002.2;386;
210;15;73000;1055.6;395.4;
210;20;33000;588;298.8;
210;20;37000;618.6;305.6;
210;20;41000;662;315.8;
210;20;45000;708;326.4;
210;20;49000;755;337;
210;20;53000;801.4;347.2;
210;20;57000;850.4;357.4;
210;20;61000;900.6;368.4;
210;20;65000;958.2;378.8;
210;20;69000;1015.2;389.2;
210;20;73000;1069.6;399.4;
220;-10;33000;536.4;284.8;
220;-10;37000;564;290.8;
220;-10;41000;604.8;300.8;
220;-10;45000;648;311.6;
220;-10;49000;692;321.8;
220;-10;53000;734.8;331.6;
220;-10;57000;780.8;342;
220;-10;61000;827.2;352;
220;-10;65000;880.4;362.4;
220;-10;69000;934.4;372.2;
220;-10;73000;985.4;382;
220;-5;33000;543.7;288;
220;-5;37000;571.8;293.8;
220;-5;41000;613.1;304;
220;-5;45000;657;314.8;
220;-5;49000;701.5;325.2;
220;-5;53000;745.1;335.3;
220;-5;57000;791.5;345.5;
220;-5;61000;838.7;355.7;
220;-5;65000;892.7;366.1;
220;-5;69000;947.1;376.2;
220;-5;73000;999.1;386;
220;0;33000;551;291.2;
220;0;37000;579.6;296.8;
220;0;41000;621.4;307.2;
220;0;45000;666;318;
220;0;49000;711;328.6;
220;0;53000;755.4;339;
220;0;57000;802.2;349;
220;0;61000;850.2;359.4;
220;0;65000;905;369.8;
220;0;69000;959.8;380.2;
220;0;73000;1012.8;390;
220;5;33000;558.4;294.2;
220;5;37000;587.6;299.8;
220;5;41000;630;310.2;
220;5;45000;675;321.4;
220;5;49000;721;331.6;
220;5;53000;765.8;342.4;
220;5;57000;812.8;352.4;
220;5;61000;861.2;362.8;
220;5;65000;917;373.8;
220;5;69000;973.4;384;
220;5;73000;1026.2;394.4;
220;10;33000;566;297.2;
220;10;37000;595.6;303.2;
220;10;41000;638.4;313.6;
220;10;45000;684;324.4;
220;10;49000;730.6;335.6;
220;10;53000;775.8;345.4;
220;10;57000;823.8;356.4;
220;10;61000;873.2;366.8;
220;10;65000;929.4;377.2;
220;10;69000;986.4;388;
220;10;73000;1040.2;398.4;
220;15;33000;573.6;300.2;
220;15;37000;603.2;306.2;
220;15;41000;647;316.6;
220;15;45000;693;327.8;
220;15;49000;740.6;338.6;
220;15;53000;786.4;348.8;
220;15;57000;834.8;359.8;
220;15;61000;885.2;369.8;
220;15;65000;942;381.2;
220;15;69000;999.4;392;
220;15;73000;1054.2;401.8;
220;20;33000;581;302.6;
220;20;37000;611.2;309.2;
220;20;41000;655;319.6;
220;20;45000;702;330.8;
220;20;49000;750;342;
220;20;53000;796.8;352.4;
220;20;57000;845.8;362.8;
220;20;61000;896.2;373.8;
220;20;65000;954.4;384.6;
220;20;69000;1012.4;395.4;
220;20;73000;1068.2;405.8;
230;-10;33000;529.6;288.2;
230;-10;37000;557;294.2;
230;-10;41000;598.2;304.2;
230;-10;45000;642;315.4;
230;-10;49000;687;326.2;
230;-10;53000;730.2;336.4;
230;-10;57000;776.2;347;
230;-10;61000;822.8;357;
230;-10;65000;876.6;367.6;
230;-10;69000;931.6;377.8;
230;-10;73000;983.6;388;
230;-5;33000;536.8;291.5;
230;-5;37000;564.7;297.2;
230;-5;41000;606.4;307.5;
230;-5;45000;651;318.7;
230;-5;49000;696.5;329.8;
230;-5;53000;740.4;340.2;
230;-5;57000;787;350.5;
230;-5;61000;834.3;360.8;
230;-5;65000;888.8;371.4;
230;-5;69000;944.4;381.8;
230;-5;73000;997.4;392;
230;0;33000;544;294.8;
230;0;37000;572.4;300.2;
230;0;41000;614.6;310.8;
230;0;45000;660;322;
230;0;49000;706;333.4;
230;0;53000;750.6;344;
230;0;57000;797.8;354;
230;0;61000;845.8;364.6;
230;0;65000;901;375.2;
230;0;69000;957.2;385.8;
230;0;73000;1011.2;396;
230;5;33000;551.6;297.8;
230;5;37000;580.4;303.2;
230;5;41000;623;313.8;
230;5;45000;669;325.6;
230;5;49000;716;336.4;
230;5;53000;761.2;347.6;
230;5;57000;808.2;357.6;
230;5;61000;856.8;368.2;
230;5;65000;913;379.2;
230;5;69000;970.6;390;
230;5;73000;1024.8;400.6;
230;10;33000;559;300.8;
230;10;37000;588.4;306.8;
230;10;41000;631.6;317.4;
230;10;45000;678;328.6;
230;10;49000;725.4;340.4;
230;10;53000;771.2;350.6;
230;10;57000;819.2;361.6;
230;10;61000;868.8;372.2;
230;10;65000;925.6;382.8;
230;10;69000;983.6;394;
230;10;73000;1038.8;404.6;
230;15;33000;566.4;303.8;
230;15;37000;595.8;309.8;
230;15;41000;640;320.4;
230;15;45000;687;332.2;
230;15;49000;735.4;343.4;
230;15;53000;781.6;354.2;
230;15;57000;830.2;365.2;
230;15;61000;880.8;375.2;
230;15;65000;938;386.8;
230;15;69000;996.6;398;
230;15;73000;1052.8;408.2;
230;20;33000;574;306.4;
230;20;37000;603.8;312.8;
230;20;41000;648;323.4;
230;20;45000;696;335.2;
230;20;49000;745;347;
230;20;53000;792.2;357.6;
230;20;57000;841.2;368.2;
230;20;61000;891.8;379.2;
230;20;65000;950.6;390.4;
230;20;69000;1009.6;401.6;
230;20;73000;1066.8;412.2;
240;-10;33000;522.8;291.6;
240;-10;37000;550;297.6;
240;-10;41000;591.6;307.6;
240;-10;45000;636;319.2;
240;-10;49000;682;330.6;
240;-10;53000;725.6;341.2;
240;-10;57000;771.6;352;
240;-10;61000;818.4;362;
240;-10;65000;872.8;372.8;
240;-10;69000;928.8;383.4;
240;-10;73000;981.8;394;
240;-5;33000;529.9;295;
240;-5;37000;557.6;300.6;
240;-5;41000;599.7;311;
240;-5;45000;645;322.6;
240;-5;49000;691.5;334.4;
240;-5;53000;735.7;345.1;
240;-5;57000;782.5;355.5;
240;-5;61000;829.9;365.9;
240;-5;65000;884.9;376.7;
240;-5;69000;941.7;387.4;
240;-5;73000;995.7;398;
240;0;33000;537;298.4;
240;0;37000;565.2;303.6;
240;0;41000;607.8;314.4;
240;0;45000;654;326;
240;0;49000;701;338.2;
240;0;53000;745.8;349;
240;0;57000;793.4;359;
240;0;61000;841.4;369.8;
240;0;65000;897;380.6;
240;0;69000;954.6;391.4;
240;0;73000;1009.6;402;
240;5;33000;544.8;301.4;
240;5;37000;573.2;306.6;
240;5;41000;616;317.4;
240;5;45000;663;329.8;
240;5;49000;711;341.2;
240;5;53000;756.6;352.8;
240;5;57000;803.6;362.8;
240;5;61000;852.4;373.6;
240;5;65000;909;384.6;
240;5;69000;967.8;396;
240;5;73000;1023.4;406.8;
240;10;33000;552;304.4;
240;10;37000;581.2;310.4;
240;10;41000;624.8;321.2;
240;10;45000;672;332.8;
240;10;49000;720.2;345.2;
240;10;53000;766.6;355.8;
240;10;57000;814.6;366.8;
240;10;61000;864.4;377.6;
240;10;65000;921.8;388.4;
240;10;69000;980.8;400;
240;10;73000;1037.4;410.8;
240;15;33000;559.2;307.4;
240;15;37000;588.4;313.4;
240;15;41000;633;324.2;
240;15;45000;681;336.6;
240;15;49000;730.2;348.2;
240;15;53000;776.8;359.6;
240;15;57000;825.6;370.6;
240;15;61000;876.4;380.6;
240;15;65000;934;392.4;
240;15;69000;993.8;404;
240;15;73000;1051.4;414.6;
240;20;33000;567;310.2;
240;20;37000;596.4;316.4;
240;20;41000;641;327.2;
240;20;45000;690;339.6;
240;20;49000;740;352;
240;20;53000;787.6;362.8;
240;20;57000;836.6;373.6;
240;20;61000;887.4;384.6;
240;20;65000;946.8;396.2;
240;20;69000;1006.8;407.8;
240;20;73000;1065.4;418.6;
250;-10;33000;516;295;
250;-10;37000;543;301;
250;-10;41000;585;311;
250;-10;45000;630;323;
250;-10;49000;677;335;
250;-10;53000;721;346;
250;-10;57000;767;357;
250;-10;61000;814;367;
250;-10;65000;869;378;
250;-10;69000;926;389;
250;-10;73000;980;400;
250;-5;33000;523;298.5;
250;-5;37000;550.5;304;
250;-5;41000;593;314.5;
250;-5;45000;639;326.5;
250;-5;49000;686.5;339;
250;-5;53000;731;350;
250;-5;57000;778;360.5;
250;-5;61000;825.5;371;
250;-5;65000;881;382;
250;-5;69000;939;393;
250;-5;73000;994;404;
250;0;33000;530;302;
250;0;37000;558;307;
250;0;41000;601;318;
250;0;45000;648;330;
250;0;49000;696;343;
250;0;53000;741;354;
250;0;57000;789;364;
250;0;61000;837;375;
250;0;65000;893;386;
250;0;69000;952;397;
250;0;73000;1008;408;
250;5;33000;538;305;
250;5;37000;566;310;
250;5;41000;609;321;
250;5;45000;657;334;
250;5;49000;706;346;
250;5;53000;752;358;
250;5;57000;799;368;
250;5;61000;848;379;
250;5;65000;905;390;
250;5;69000;965;402;
250;5;73000;1022;413;
250;10;33000;545;308;
250;10;37000;574;314;
250;10;41000;618;325;
250;10;45000;666;337;
250;10;49000;715;350;
250;10;53000;762;361;
250;10;57000;810;372;
250;10;61000;860;383;
250;10;65000;918;394;
250;10;69000;978;406;
250;10;73000;1036;417;
250;15;33000;552;311;
250;15;37000;581;317;
250;15;41000;626;328;
250;15;45000;675;341;
250;15;49000;725;353;
250;15;53000;772;365;
250;15;57000;821;376;
250;15;61000;872;386;
250;15;65000;930;398;
250;15;69000;991;410;
250;15;73000;1050;421;
250;20;33000;560;314;
250;20;37000;589;320;
250;20;41000;634;331;
250;20;45000;684;344;
250;20;49000;735;357;
250;20;53000;783;368;
250;20;57000;832;379;
250;20;61000;883;390;
250;20;65000;943;402;
250;20;69000;1004;414;
250;20;73000;1064;425;
260;-10;33000;510.5;298.5;
260;-10;37000;541;306.5;
260;-10;41000;582.5;317;
260;-10;45000;626;328.5;
260;-10;49000;672;340;
260;-10;53000;716.5;351;
260;-10;57000;762.5;361.5;
260;-10;61000;811.5;372.5;
260;-10;65000;870;384.5;
260;-10;69000;928;396;
260;-10;73000;980;406;
260;-5;33000;517.75;302;
260;-5;37000;548.75;309.75;
260;-5;41000;590.75;320.5;
260;-5;45000;635;332;
260;-5;49000;681.75;344;
260;-5;53000;726.5;354.75;
260;-5;57000;773.25;365.5;
260;-5;61000;823;376.75;
260;-5;65000;882.25;388.5;
260;-5;69000;941;400.25;
260;-5;73000;994;410.25;
260;0;33000;525;305.5;
260;0;37000;556.5;313;
260;0;41000;599;324;
260;0;45000;644;335.5;
260;0;49000;691.5;348;
260;0;53000;736.5;358.5;
260;0;57000;784;369.5;
260;0;61000;834.5;381;
260;0;65000;894.5;392.5;
260;0;69000;954;404.5;
260;0;73000;1008;414.5;
260;5;33000;532.5;308.5;
260;5;37000;564.5;316;
260;5;41000;607;327;
260;5;45000;653;339.5;
260;5;49000;701;351;
260;5;53000;747.5;362.5;
260;5;57000;794.5;373;
260;5;61000;846;385;
260;5;65000;906.5;397;
260;5;69000;967.5;409;
260;5;73000;1022;419.5;
260;10;33000;539.5;311.5;
260;10;37000;572;319.5;
260;10;41000;615.5;331;
260;10;45000;662;343;
260;10;49000;710.5;355;
260;10;53000;757.5;366;
260;10;57000;805.5;377;
260;10;61000;858;389;
260;10;65000;919.5;401;
260;10;69000;980.5;413.5;
260;10;73000;1036;423.5;
260;15;33000;547;315;
260;15;37000;579.5;323;
260;15;41000;624;334;
260;15;45000;671;346.5;
260;15;49000;720;358.5;
260;15;53000;767.5;370;
260;15;57000;816.5;381;
260;15;61000;869.5;392.5;
260;15;65000;931.5;405;
260;15;69000;993.5;417.5;
260;15;73000;1050.5;428;
260;20;33000;554.5;318;
260;20;37000;587.5;326;
260;20;41000;632;337.5;
260;20;45000;680;350;
260;20;49000;730;362;
260;20;53000;778.5;373.5;
260;20;57000;827.5;384.5;
260;20;61000;881;396.5;
260;20;65000;944.5;409;
260;20;69000;1007;421.5;
260;20;73000;1064.5;432;
270;-10;33000;505;302;
270;-10;37000;539;312;
270;-10;41000;580;323;
270;-10;45000;622;334;
270;-10;49000;667;345;
270;-10;53000;712;356;
270;-10;57000;758;366;
270;-10;61000;809;378;
270;-10;65000;871;391;
270;-10;69000;930;403;
270;-10;73000;980;412;
270;-5;33000;512.5;305.5;
270;-5;37000;547;315.5;
270;-5;41000;588.5;326.5;
270;-5;45000;631;337.5;
270;-5;49000;677;349;
270;-5;53000;722;359.5;
270;-5;57000;768.5;370.5;
270;-5;61000;820.5;382.5;
270;-5;65000;883.5;395;
270;-5;69000;943;407.5;
270;-5;73000;994;416.5;
270;0;33000;520;309;
270;0;37000;555;319;
270;0;41000;597;330;
270;0;45000;640;341;
270;0;49000;687;353;
270;0;53000;732;363;
270;0;57000;779;375;
270;0;61000;832;387;
270;0;65000;896;399;
270;0;69000;956;412;
270;0;73000;1008;421;
270;5;33000;527;312;
270;5;37000;563;322;
270;5;41000;605;333;
270;5;45000;649;345;
270;5;49000;696;356;
270;5;53000;743;367;
270;5;57000;790;378;
270;5;61000;844;391;
270;5;65000;908;404;
270;5;69000;970;416;
270;5;73000;1022;426;
270;10;33000;534;315;
270;10;37000;570;325;
270;10;41000;613;337;
270;10;45000;658;349;
270;10;49000;706;360;
270;10;53000;753;371;
270;10;57000;801;382;
270;10;61000;856;395;
270;10;65000;921;408;
270;10;69000;983;421;
270;10;73000;1036;430;
270;15;33000;542;319;
270;15;37000;578;329;
270;15;41000;622;340;
270;15;45000;667;352;
270;15;49000;715;364;
270;15;53000;763;375;
270;15;57000;812;386;
270;15;61000;867;399;
270;15;65000;933;412;
270;15;69000;996;425;
270;15;73000;1051;435;
270;20;33000;549;322;
270;20;37000;586;332;
270;20;41000;630;344;
270;20;45000;676;356;
270;20;49000;725;367;
270;20;53000;774;379;
270;20;57000;823;390;
270;20;61000;879;403;
270;20;65000;946;416;
270;20;69000;1010;429;
270;20;73000;1065;439;
280;-10;33000;501;307;
280;-10;37000;536.5;317.5;
280;-10;41000;577;328;
280;-10;45000;618;339;
280;-10;49000;662;349.5;
280;-10;53000;708;361;
280;-10;57000;756.5;372;
280;-10;61000;808.5;384;
280;-10;65000;868;396.5;
280;-10;69000;925;407.5;
280;-10;73000;971;414.5;
280;-5;33000;508.5;310.5;
280;-5;37000;544.25;321;
280;-5;41000;585.5;331.75;
280;-5;45000;627;342.5;
280;-5;49000;671.75;353.5;
280;-5;53000;718.25;364.75;
280;-5;57000;767.25;376.25;
280;-5;61000;820;388.5;
280;-5;65000;880.5;400.75;
280;-5;69000;938.25;412;
280;-5;73000;985;419.25;
280;0;33000;516;314;
280;0;37000;552;324.5;
280;0;41000;594;335.5;
280;0;45000;636;346;
280;0;49000;681.5;357.5;
280;0;53000;728.5;368.5;
280;0;57000;778;380.5;
280;0;61000;831.5;393;
280;0;65000;893;405;
280;0;69000;951.5;416.5;
280;0;73000;999;424;
280;5;33000;523;317;
280;5;37000;560;328;
280;5;41000;602;338.5;
280;5;45000;645;350;
280;5;49000;691;361;
280;5;53000;739;372.5;
280;5;57000;789;384;
280;5;61000;843.5;397;
280;5;65000;905.5;410;
280;5;69000;965;421;
280;5;73000;1013;428.5;
280;10;33000;530.5;320.5;
280;10;37000;567.5;331;
280;10;41000;610;342.5;
280;10;45000;654;354;
280;10;49000;700.5;365;
280;10;53000;749;376.5;
280;10;57000;800;388;
280;10;61000;855;401;
280;10;65000;918;414;
280;10;69000;978;425.5;
280;10;73000;1027;433;
280;15;33000;538;324;
280;15;37000;575.5;335;
280;15;41000;619;346;
280;15;45000;663;357.5;
280;15;49000;710;369;
280;15;53000;759.5;380.5;
280;15;57000;811;392.5;
280;15;61000;867;405.5;
280;15;65000;930.5;418;
280;15;69000;991.5;430;
280;15;73000;1041.5;438;
280;20;33000;545;327;
280;20;37000;583.5;338;
280;20;41000;627;349.5;
280;20;45000;672;361;
280;20;49000;719.5;372.5;
280;20;53000;770;384.5;
280;20;57000;822;396.5;
280;20;61000;878.5;409.5;
280;20;65000;943;422.5;
280;20;69000;1005;434;
280;20;73000;1055;442;
290;-10;33000;497;312;
290;-10;37000;534;323;
290;-10;41000;574;333;
290;-10;45000;614;344;
290;-10;49000;657;354;
290;-10;53000;704;366;
290;-10;57000;755;378;
290;-10;61000;808;390;
290;-10;65000;865;402;
290;-10;69000;920;412;
290;-10;73000;962;417;
290;-5;33000;504.5;315.5;
290;-5;37000;541.5;326.5;
290;-5;41000;582.5;337;
290;-5;45000;623;347.5;
290;-5;49000;666.5;358;
290;-5;53000;714.5;370;
290;-5;57000;766;382;
290;-5;61000;819.5;394.5;
290;-5;65000;877.5;406.5;
290;-5;69000;933.5;416.5;
290;-5;73000;976;422;
290;0;33000;512;319;
290;0;37000;549;330;
290;0;41000;591;341;
290;0;45000;632;351;
290;0;49000;676;362;
290;0;53000;725;374;
290;0;57000;777;386;
290;0;61000;831;399;
290;0;65000;890;411;
290;0;69000;947;421;
290;0;73000;990;427;
290;5;33000;519;322;
290;5;37000;557;334;
290;5;41000;599;344;
290;5;45000;641;355;
290;5;49000;686;366;
290;5;53000;735;378;
290;5;57000;788;390;
290;5;61000;843;403;
290;5;65000;903;416;
290;5;69000;960;426;
290;5;73000;1004;431;
290;10;33000;527;326;
290;10;37000;565;337;
290;10;41000;607;348;
290;10;45000;650;359;
290;10;49000;695;370;
290;10;53000;745;382;
290;10;57000;799;394;
290;10;61000;854;407;
290;10;65000;915;420;
290;10;69000;973;430;
290;10;73000;1018;436;
290;15;33000;534;329;
290;15;37000;573;341;
290;15;41000;616;352;
290;15;45000;659;363;
290;15;49000;705;374;
290;15;53000;756;386;
290;15;57000;810;399;
290;15;61000;867;412;
290;15;65000;928;424;
290;15;69000;987;435;
290;15;73000;1032;441;
290;20;33000;541;332;
290;20;37000;581;344;
290;20;41000;624;355;
290;20;45000;668;366;
290;20;49000;714;378;
290;20;53000;766;390;
290;20;57000;821;403;
290;20;61000;878;416;
290;20;65000;940;429;
290;20;69000;1000;439;
290;20;73000;1045;445;
300;-10;33000;494;317;
300;-10;37000;530;328;
300;-10;41000;571;338.5;
300;-10;45000;612;349.5;
300;-10;49000;656.5;360.5;
300;-10;53000;704;372.5;
300;-10;57000;754;384;
300;-10;61000;805;395.5;
300;-10;65000;860;406;
300;-10;69000;911.5;415;
300;-10;73000;952;419.5;
300;-5;33000;501.25;320.5;
300;-5;37000;537.5;331.75;
300;-5;41000;579.25;342.5;
300;-5;45000;621;353.25;
300;-5;49000;666;364.5;
300;-5;53000;714.5;376.5;
300;-5;57000;765;388.25;
300;-5;61000;816.5;400;
300;-5;65000;872.5;410.75;
300;-5;69000;925;419.5;
300;-5;73000;966;424.25;
300;0;33000;508.5;324;
300;0;37000;545;335.5;
300;0;41000;587.5;346.5;
300;0;45000;630;357;
300;0;49000;675.5;368.5;
300;0;53000;725;380.5;
300;0;57000;776;392.5;
300;0;61000;828;404.5;
300;0;65000;885;415.5;
300;0;69000;938.5;424;
300;0;73000;980;429;
300;5;33000;516;327.5;
300;5;37000;553;339.5;
300;5;41000;596;350;
300;5;45000;639;361;
300;5;49000;685.5;372.5;
300;5;53000;735;385;
300;5;57000;787;397;
300;5;61000;840;409;
300;5;65000;898;420;
300;5;69000;951.5;429;
300;5;73000;994;433.5;
300;10;33000;523.5;331.5;
300;10;37000;561;342.5;
300;10;41000;604;354;
300;10;45000;648;365;
300;10;49000;694.5;376.5;
300;10;53000;745;389;
300;10;57000;798.5;401;
300;10;61000;851.5;413;
300;10;65000;910.5;424.5;
300;10;69000;965;433;
300;10;73000;1008;438.5;
300;15;33000;530.5;334.5;
300;15;37000;569;346.5;
300;15;41000;613;358;
300;15;45000;657;369;
300;15;49000;704.5;380.5;
300;15;53000;756;393;
300;15;57000;809.5;405.5;
300;15;61000;863.5;417.5;
300;15;65000;923;428.5;
300;15;69000;978.5;438;
300;15;73000;1022;443.5;
300;20;33000;538;338;
300;20;37000;576.5;349.5;
300;20;41000;621;361;
300;20;45000;666;372.5;
300;20;49000;713.5;384.5;
300;20;53000;766;397;
300;20;57000;820.5;409.5;
300;20;61000;875;422;
300;20;65000;935.5;433.5;
300;20;69000;992;442;
300;20;73000;1035.5;447.5;
310;-10;33000;491;322;
310;-10;37000;526;333;
310;-10;41000;568;344;
310;-10;45000;610;355;
310;-10;49000;656;367;
310;-10;53000;704;379;
310;-10;57000;753;390;
310;-10;61000;802;401;
310;-10;65000;855;410;
310;-10;69000;903;418;
310;-10;73000;942;422;
310;-5;33000;498;325.5;
310;-5;37000;533.5;337;
310;-5;41000;576;348;
310;-5;45000;619;359;
310;-5;49000;665.5;371;
310;-5;53000;714.5;383;
310;-5;57000;764;394.5;
310;-5;61000;813.5;405.5;
310;-5;65000;867.5;415;
310;-5;69000;916.5;422.5;
310;-5;73000;956;426.5;
310;0;33000;505;329;
310;0;37000;541;341;
310;0;41000;584;352;
310;0;45000;628;363;
310;0;49000;675;375;
310;0;53000;725;387;
310;0;57000;775;399;
310;0;61000;825;410;
310;0;65000;880;420;
310;0;69000;930;427;
310;0;73000;970;431;
310;5;33000;513;333;
310;5;37000;549;345;
310;5;41000;593;356;
310;5;45000;637;367;
310;5;49000;685;379;
310;5;53000;735;392;
310;5;57000;786;404;
310;5;61000;837;415;
310;5;65000;893;424;
310;5;69000;943;432;
310;5;73000;984;436;
310;10;33000;520;337;
310;10;37000;557;348;
310;10;41000;601;360;
310;10;45000;646;371;
310;10;49000;694;383;
310;10;53000;745;396;
310;10;57000;798;408;
310;10;61000;849;419;
310;10;65000;906;429;
310;10;69000;957;436;
310;10;73000;998;441;
310;15;33000;527;340;
310;15;37000;565;352;
310;15;41000;610;364;
310;15;45000;655;375;
310;15;49000;704;387;
310;15;53000;756;400;
310;15;57000;809;412;
310;15;61000;860;423;
310;15;65000;918;433;
310;15;69000;970;441;
310;15;73000;1012;446;
310;20;33000;535;344;
310;20;37000;572;355;
310;20;41000;618;367;
310;20;45000;664;379;
310;20;49000;713;391;
310;20;53000;766;404;
310;20;57000;820;416;
310;20;61000;872;428;
310;20;65000;931;438;
310;20;69000;984;445;
310;20;73000;1026;450;
320;-10;33000;485.5;326;
320;-10;37000;520.5;337.5;
320;-10;41000;561.5;348;
320;-10;45000;604;359;
320;-10;49000;654;372.5;
320;-10;53000;703.5;385.5;
320;-10;57000;752;396;
320;-10;61000;796.5;405;
320;-10;65000;845.5;412.5;
320;-10;69000;893;419.5;
320;-10;73000;938;425.5;
320;-5;33000;492.75;329.75;
320;-5;37000;528;341.5;
320;-5;41000;569.75;352;
320;-5;45000;613;363;
320;-5;49000;663.5;376.75;
320;-5;53000;714;389.75;
320;-5;57000;763;400.75;
320;-5;61000;808.25;409.75;
320;-5;65000;858;417.25;
320;-5;69000;906.5;424.25;
320;-5;73000;952;430.25;
320;0;33000;500;333.5;
320;0;37000;535.5;345.5;
320;0;41000;578;356;
320;0;45000;622;367;
320;0;49000;673;381;
320;0;53000;724.5;394;
320;0;57000;774;405.5;
320;0;61000;820;414.5;
320;0;65000;870.5;422;
320;0;69000;920;429;
320;0;73000;966;435;
320;5;33000;507.5;337.5;
320;5;37000;543.5;349.5;
320;5;41000;586.5;360;
320;5;45000;631;371;
320;5;49000;683;385;
320;5;53000;735;398.5;
320;5;57000;785;410;
320;5;61000;832;419;
320;5;65000;883.5;426.5;
320;5;69000;933;433.5;
320;5;73000;980;440;
320;10;33000;514.5;341.5;
320;10;37000;551.5;353;
320;10;41000;594.5;364;
320;10;45000;640;375.5;
320;10;49000;692;389.5;
320;10;53000;745;403;
320;10;57000;796.5;414.5;
320;10;61000;844;423.5;
320;10;65000;896.5;431.5;
320;10;69000;946.5;438;
320;10;73000;994;444.5;
320;15;33000;521.5;344.5;
320;15;37000;559;356.5;
320;15;41000;603.5;368;
320;15;45000;649;379.5;
320;15;49000;702;393.5;
320;15;53000;756;407;
320;15;57000;808;418.5;
320;15;61000;855.5;428;
320;15;65000;908.5;435.5;
320;15;69000;960;443;
320;15;73000;1008;449.5;
320;20;33000;529.5;348.5;
320;20;37000;566.5;360;
320;20;41000;611.5;371.5;
320;20;45000;658;383.5;
320;20;49000;711.5;397.5;
320;20;53000;766;411;
320;20;57000;819;423;
320;20;61000;867.5;432.5;
320;20;65000;921.5;440.5;
320;20;69000;973.5;447.5;
320;20;73000;1022;454;
330;-10;33000;480;330;
330;-10;37000;515;342;
330;-10;41000;555;352;
330;-10;45000;598;363;
330;-10;49000;652;378;
330;-10;53000;703;392;
330;-10;57000;751;402;
330;-10;61000;791;409;
330;-10;65000;836;415;
330;-10;69000;883;421;
330;-10;73000;934;429;
330;-5;33000;487.5;334;
330;-5;37000;522.5;346;
330;-5;41000;563.5;356;
330;-5;45000;607;367;
330;-5;49000;661.5;382.5;
330;-5;53000;713.5;396.5;
330;-5;57000;762;407;
330;-5;61000;803;414;
330;-5;65000;848.5;419.5;
330;-5;69000;896.5;426;
330;-5;73000;948;434;
330;0;33000;495;338;
330;0;37000;530;350;
330;0;41000;572;360;
330;0;45000;616;371;
330;0;49000;671;387;
330;0;53000;724;401;
330;0;57000;773;412;
330;0;61000;815;419;
330;0;65000;861;424;
330;0;69000;910;431;
330;0;73000;962;439;
330;5;33000;502;342;
330;5;37000;538;354;
330;5;41000;580;364;
330;5;45000;625;375;
330;5;49000;681;391;
330;5;53000;735;405;
330;5;57000;784;416;
330;5;61000;827;423;
330;5;65000;874;429;
330;5;69000;923;435;
330;5;73000;976;444;
330;10;33000;509;346;
330;10;37000;546;358;
330;10;41000;588;368;
330;10;45000;634;380;
330;10;49000;690;396;
330;10;53000;745;410;
330;10;57000;795;421;
330;10;61000;839;428;
330;10;65000;887;434;
330;10;69000;936;440;
330;10;73000;990;448;
330;15;33000;516;349;
330;15;37000;553;361;
330;15;41000;597;372;
330;15;45000;643;384;
330;15;49000;700;400;
330;15;53000;756;414;
330;15;57000;807;425;
330;15;61000;851;433;
330;15;65000;899;438;
330;15;69000;950;445;
330;15;73000;1004;453;
330;20;33000;524;353;
330;20;37000;561;365;
330;20;41000;605;376;
330;20;45000;652;388;
330;20;49000;710;404;
330;20;53000;766;418;
330;20;57000;818;430;
330;20;61000;863;437;
330;20;65000;912;443;
330;20;69000;963;450;
330;20;73000;1018;458;
340;-10;33000;473;334;
340;-10;37000;509.5;346;
340;-10;41000;551.5;357;
340;-10;45000;598;369.5;
340;-10;49000;650;384;
340;-10;53000;699.5;397;
340;-10;57000;746.5;406.5;
340;-10;61000;788.5;414;
340;-10;65000;837.5;420.5;
340;-10;69000;888.5;427;
340;-10;73000;946.5;436;
340;-5;33000;480.25;338;
340;-5;37000;517;350;
340;-5;41000;559.75;361;
340;-5;45000;607;373.75;
340;-5;49000;659.5;388.5;
340;-5;53000;710;401.5;
340;-5;57000;757.75;411.5;
340;-5;61000;800.5;419;
340;-5;65000;850.25;425.25;
340;-5;69000;902;432;
340;-5;73000;960.75;441;
340;0;33000;487.5;342;
340;0;37000;524.5;354;
340;0;41000;568;365;
340;0;45000;616;378;
340;0;49000;669;393;
340;0;53000;720.5;406;
340;0;57000;769;416.5;
340;0;61000;812.5;424;
340;0;65000;863;430;
340;0;69000;915.5;437;
340;0;73000;975;446;
340;5;33000;494.5;346;
340;5;37000;532.5;358;
340;5;41000;576.5;369.5;
340;5;45000;625;382.5;
340;5;49000;679;397.5;
340;5;53000;731.5;410.5;
340;5;57000;780;421;
340;5;61000;824.5;428.5;
340;5;65000;875.5;435;
340;5;69000;929;441.5;
340;5;73000;989.5;451;
340;10;33000;501.5;350;
340;10;37000;540.5;362;
340;10;41000;584.5;373.5;
340;10;45000;634;387;
340;10;49000;688.5;402;
340;10;53000;741.5;415;
340;10;57000;791.5;426;
340;10;61000;836.5;433.5;
340;10;65000;888.5;440;
340;10;69000;942.5;446.5;
340;10;73000;1003.5;455.5;
340;15;33000;508.5;353.5;
340;15;37000;547.5;365.5;
340;15;41000;593;377.5;
340;15;45000;643;391;
340;15;49000;698.5;406.5;
340;15;53000;752.5;419.5;
340;15;57000;803;430;
340;15;61000;848.5;438;
340;15;65000;901;444.5;
340;15;69000;956;451.5;
340;15;73000;1018;460.5;
340;20;33000;516;357;
340;20;37000;555.5;369.5;
340;20;41000;601.5;381.5;
340;20;45000;652;395.5;
340;20;49000;708.5;410.5;
340;20;53000;762.5;423.5;
340;20;57000;814.5;435;
340;20;61000;860.5;442.5;
340;20;65000;914;449;
340;20;69000;969.5;456.5;
340;20;73000;1032.5;465.5;
350;-10;33000;466;338;
350;-10;37000;504;350;
350;-10;41000;548;362;
350;-10;45000;598;376;
350;-10;49000;648;390;
350;-10;53000;696;402;
350;-10;57000;742;411;
350;-10;61000;786;419;
350;-10;65000;839;426;
350;-10;69000;894;433;
350;-10;73000;959;443;
350;-5;33000;473;342;
350;-5;37000;511.5;354;
350;-5;41000;556;366;
350;-5;45000;607;380.5;
350;-5;49000;657.5;394.5;
350;-5;53000;706.5;406.5;
350;-5;57000;753.5;416;
350;-5;61000;798;424;
350;-5;65000;852;431;
350;-5;69000;907.5;438;
350;-5;73000;973.5;448;
350;0;33000;480;346;
350;0;37000;519;358;
350;0;41000;564;370;
350;0;45000;616;385;
350;0;49000;667;399;
350;0;53000;717;411;
350;0;57000;765;421;
350;0;61000;810;429;
350;0;65000;865;436;
350;0;69000;921;443;
350;0;73000;988;453;
350;5;33000;487;350;
350;5;37000;527;362;
350;5;41000;573;375;
350;5;45000;625;390;
350;5;49000;677;404;
350;5;53000;728;416;
350;5;57000;776;426;
350;5;61000;822;434;
350;5;65000;877;441;
350;5;69000;935;448;
350;5;73000;1003;458;
350;10;33000;494;354;
350;10;37000;535;366;
350;10;41000;581;379;
350;10;45000;634;394;
350;10;49000;687;408;
350;10;53000;738;420;
350;10;57000;788;431;
350;10;61000;834;439;
350;10;65000;890;446;
350;10;69000;949;453;
350;10;73000;1017;463;
350;15;33000;501;358;
350;15;37000;542;370;
350;15;41000;589;383;
350;15;45000;643;398;
350;15;49000;697;413;
350;15;53000;749;425;
350;15;57000;799;435;
350;15;61000;846;443;
350;15;65000;903;451;
350;15;69000;962;458;
350;15;73000;1032;468;
350;20;33000;508;361;
350;20;37000;550;374;
350;20;41000;598;387;
350;20;45000;652;403;
350;20;49000;707;417;
350;20;53000;759;429;
350;20;57000;811;440;
350;20;61000;858;448;
350;20;65000;916;455;
350;20;69000;976;463;
350;20;73000;1047;473;
360;-10;33000;464;344.5;
360;-10;37000;505;357;
360;-10;41000;550;370;
360;-10;45000;597.5;383;
360;-10;49000;647.5;396;
360;-10;53000;696;407.5;
360;-10;57000;743.5;417;
360;-10;61000;790;425.5;
360;-10;65000;848;433;
360;-10;69000;909.5;439.5;
360;-10;73000;977;447;
360;-5;33000;471;348.5;
360;-5;37000;512.5;361.25;
360;-5;41000;558.25;374.25;
360;-5;45000;606.75;387.75;
360;-5;49000;657.25;400.75;
360;-5;53000;706.5;412.25;
360;-5;57000;754.75;422;
360;-5;61000;802;430.5;
360;-5;65000;861;438;
360;-5;69000;923.25;444.75;
360;-5;73000;992;452;
360;0;33000;478;352.5;
360;0;37000;520;365.5;
360;0;41000;566.5;378.5;
360;0;45000;616;392.5;
360;0;49000;667;405.5;
360;0;53000;717;417;
360;0;57000;766;427;
360;0;61000;814;435.5;
360;0;65000;874;443;
360;0;69000;937;450;
360;0;73000;1007;457;
360;5;33000;485;356.5;
360;5;37000;528;369.5;
360;5;41000;575;383;
360;5;45000;625;397;
360;5;49000;677;410.5;
360;5;53000;728;422;
360;5;57000;777.5;432;
360;5;61000;826.5;440.5;
360;5;65000;886.5;448;
360;5;69000;951.5;455;
360;5;73000;1022;462.5;
360;10;33000;492.5;360.5;
360;10;37000;536;374;
360;10;41000;583.5;387;
360;10;45000;634;401.5;
360;10;49000;686.5;414.5;
360;10;53000;738;426.5;
360;10;57000;789;437;
360;10;61000;838.5;445.5;
360;10;65000;899.5;453.5;
360;10;69000;965.5;460;
360;10;73000;1037;467.5;
360;15;33000;499.5;364.5;
360;15;37000;543.5;378;
360;15;41000;591.5;391.5;
360;15;45000;643;405.5;
360;15;49000;696.5;419.5;
360;15;53000;749;431;
360;15;57000;800.5;441.5;
360;15;61000;850.5;450;
360;15;65000;912.5;458.5;
360;15;69000;979;465;
360;15;73000;1052.5;472.5;
360;20;33000;506.5;368;
360;20;37000;551;382;
360;20;41000;600;395.5;
360;20;45000;652;410.5;
360;20;49000;706.5;424;
360;20;53000;759.5;435.5;
360;20;57000;812;446.5;
360;20;61000;862.5;455;
360;20;65000;925.5;463;
360;20;69000;993;470;
360;20;73000;1067.5;477.5;
370;-10;33000;462;351;
370;-10;37000;506;364;
370;-10;41000;552;378;
370;-10;45000;597;390;
370;-10;49000;647;402;
370;-10;53000;696;413;
370;-10;57000;745;423;
370;-10;61000;794;432;
370;-10;65000;857;440;
370;-10;69000;925;446;
370;-10;73000;995;451;
370;-5;33000;469;355;
370;-5;37000;513.5;368.5;
370;-5;41000;560.5;382.5;
370;-5;45000;606.5;395;
370;-5;49000;657;407;
370;-5;53000;706.5;418;
370;-5;57000;756;428;
370;-5;61000;806;437;
370;-5;65000;870;445;
370;-5;69000;939;451.5;
370;-5;73000;1010.5;456;
370;0;33000;476;359;
370;0;37000;521;373;
370;0;41000;569;387;
370;0;45000;616;400;
370;0;49000;667;412;
370;0;53000;717;423;
370;0;57000;767;433;
370;0;61000;818;442;
370;0;65000;883;450;
370;0;69000;953;457;
370;0;73000;1026;461;
370;5;33000;483;363;
370;5;37000;529;377;
370;5;41000;577;391;
370;5;45000;625;404;
370;5;49000;677;417;
370;5;53000;728;428;
370;5;57000;779;438;
370;5;61000;831;447;
370;5;65000;896;455;
370;5;69000;968;462;
370;5;73000;1041;467;
370;10;33000;491;367;
370;10;37000;537;382;
370;10;41000;586;395;
370;10;45000;634;409;
370;10;49000;686;421;
370;10;53000;738;433;
370;10;57000;790;443;
370;10;61000;843;452;
370;10;65000;909;461;
370;10;69000;982;467;
370;10;73000;1057;472;
370;15;33000;498;371;
370;15;37000;545;386;
370;15;41000;594;400;
370;15;45000;643;413;
370;15;49000;696;426;
370;15;53000;749;437;
370;15;57000;802;448;
370;15;61000;855;457;
370;15;65000;922;466;
370;15;69000;996;472;
370;15;73000;1073;477;
370;20;33000;505;375;
370;20;37000;552;390;
370;20;41000;602;404;
370;20;45000;652;418;
370;20;49000;706;431;
370;20;53000;760;442;
370;20;57000;813;453;
370;20;61000;867;462;
370;20;65000;935;471;
370;20;69000;1010;477;
370;20;73000;1088;482;
380;-10;33000;461;357;
380;-10;37000;505.5;371;
380;-10;41000;552;385;
380;-10;45000;599;397.5;
380;-10;49000;649.5;409.5;
380;-10;53000;698.5;420;
380;-10;57000;748.5;429.5;
380;-10;61000;800.5;437.5;
380;-10;65000;868.5;444;
380;-10;69000;945.5;449;
380;-10;73000;1027;452.5;
380;-5;33000;468;361.25;
380;-5;37000;513;375.5;
380;-5;41000;560.5;389.5;
380;-5;45000;608.5;402.5;
380;-5;49000;659.5;414.5;
380;-5;53000;709;425;
380;-5;57000;759.75;434.5;
380;-5;61000;812.5;442.5;
380;-5;65000;881.75;449.25;
380;-5;69000;960;454.5;
380;-5;73000;1043;457.75;
380;0;33000;475;365.5;
380;0;37000;520.5;380;
380;0;41000;569;394;
380;0;45000;618;407.5;
380;0;49000;669.5;419.5;
380;0;53000;719.5;430;
380;0;57000;771;439.5;
380;0;61000;824.5;447.5;
380;0;65000;895;454.5;
380;0;69000;974.5;460;
380;0;73000;1059;463;
380;5;33000;482;369.5;
380;5;37000;528.5;384;
380;5;41000;577.5;398.5;
380;5;45000;627;411.5;
380;5;49000;679.5;424.5;
380;5;53000;730.5;435;
380;5;57000;782.5;444.5;
380;5;61000;837;453;
380;5;65000;908;459.5;
380;5;69000;989.5;465;
380;5;73000;1074.5;468.5;
380;10;33000;489.5;374;
380;10;37000;536.5;389;
380;10;41000;586;402.5;
380;10;45000;636;416.5;
380;10;49000;689;428.5;
380;10;53000;741;440;
380;10;57000;794;449.5;
380;10;61000;849.5;458;
380;10;65000;921.5;465;
380;10;69000;1004;470;
380;10;73000;1091;473.5;
380;15;33000;496.5;378;
380;15;37000;544;393;
380;15;41000;594;407.5;
380;15;45000;645;421;
380;15;49000;699;433.5;
380;15;53000;752;444.5;
380;15;57000;805.5;454.5;
380;15;61000;861.5;463;
380;15;65000;935;470.5;
380;15;69000;1019;475;
380;15;73000;1107.5;478.5;
380;20;33000;503.5;382;
380;20;37000;551.5;397;
380;20;41000;602.5;411.5;
380;20;45000;654;425.5;
380;20;49000;709;438.5;
380;20;53000;762.5;449.5;
380;20;57000;817;459.5;
380;20;61000;874;468;
380;20;65000;948.5;475.5;
380;20;69000;1033.5;480;
380;20;73000;-1;-1;
390;-10;33000;460;363;
390;-10;37000;505;378;
390;-10;41000;552;392;
390;-10;45000;601;405;
390;-10;49000;652;417;
390;-10;53000;701;427;
390;-10;57000;752;436;
390;-10;61000;807;443;
390;-10;65000;880;448;
390;-10;69000;966;452;
390;-10;73000;1059;454;
390;-5;33000;467;367.5;
390;-5;37000;512.5;382.5;
390;-5;41000;560.5;396.5;
390;-5;45000;610.5;410;
390;-5;49000;662;422;
390;-5;53000;711.5;432;
390;-5;57000;763.5;441;
390;-5;61000;819;448;
390;-5;65000;893.5;453.5;
390;-5;69000;981;457.5;
390;-5;73000;1075.5;459.5;
390;0;33000;474;372;
390;0;37000;520;387;
390;0;41000;569;401;
390;0;45000;620;415;
390;0;49000;672;427;
390;0;53000;722;437;
390;0;57000;775;446;
390;0;61000;831;453;
390;0;65000;907;459;
390;0;69000;996;463;
390;0;73000;1092;465;
390;5;33000;481;376;
390;5;37000;528;391;
390;5;41000;578;406;
390;5;45000;629;419;
390;5;49000;682;432;
390;5;53000;733;442;
390;5;57000;786;451;
390;5;61000;843;459;
390;5;65000;920;464;
390;5;69000;1011;468;
390;5;73000;1108;470;
390;10;33000;488;381;
390;10;37000;536;396;
390;10;41000;586;410;
390;10;45000;638;424;
390;10;49000;692;436;
390;10;53000;744;447;
390;10;57000;798;456;
390;10;61000;856;464;
390;10;65000;934;469;
390;10;69000;1026;473;
390;10;73000;1125;475;
390;15;33000;495;385;
390;15;37000;543;400;
390;15;41000;594;415;
390;15;45000;647;429;
390;15;49000;702;441;
390;15;53000;755;452;
390;15;57000;809;461;
390;15;61000;868;469;
390;15;65000;948;475;
390;15;69000;1042;478;
390;15;73000;1142;480;
390;20;33000;502;389;
390;20;37000;551;404;
390;20;41000;603;419;
390;20;45000;656;433;
390;20;49000;712;446;
390;20;53000;765;457;
390;20;57000;821;466;
390;20;61000;881;474;
390;20;65000;962;480;
390;20;69000;1057;483;
390;20;73000;-1;-1;
400;-10;33000;458;369;
400;-10;37000;503;384;
400;-10;41000;551;397.5;
400;-10;45000;599.5;410;
400;-10;49000;650.5;421.5;
400;-10;53000;702;431.5;
400;-10;57000;759;440.5;
400;-10;61000;822.5;447;
400;-10;65000;908.5;451;
400;-10;69000;-1;-1;
400;-10;73000;-1;-1;
400;-5;33000;465;373.5;
400;-5;37000;510.5;388.5;
400;-5;41000;559.25;402.25;
400;-5;45000;608.75;415;
400;-5;49000;660.5;426.5;
400;-5;53000;712.5;436.5;
400;-5;57000;770.75;445.75;
400;-5;61000;835;452.25;
400;-5;65000;922.5;456.25;
400;-5;69000;-1;-1;
400;-5;73000;-1;-1;
400;0;33000;472;378;
400;0;37000;518;393;
400;0;41000;567.5;407;
400;0;45000;618;420;
400;0;49000;670.5;431.5;
400;0;53000;723;441.5;
400;0;57000;782.5;451;
400;0;61000;847.5;457.5;
400;0;65000;936.5;461.5;
400;0;69000;-1;-1;
400;0;73000;-1;-1;
400;5;33000;479;382.5;
400;5;37000;526;397.5;
400;5;41000;576.5;411.5;
400;5;45000;627;424;
400;5;49000;680.5;436.5;
400;5;53000;734;446.5;
400;5;57000;793.5;456;
400;5;61000;860;463.5;
400;5;65000;950.5;467;
400;5;69000;-1;-1;
400;5;73000;-1;-1;
400;10;33000;486;387;
400;10;37000;534;402;
400;10;41000;584.5;416;
400;10;45000;636.5;429;
400;10;49000;690.5;441;
400;10;53000;745;452;
400;10;57000;805.5;461;
400;10;61000;873;468.5;
400;10;65000;965;472;
400;10;69000;-1;-1;
400;10;73000;-1;-1;
400;15;33000;493;391;
400;15;37000;541;406.5;
400;15;41000;593;421;
400;15;45000;645.5;434;
400;15;49000;700.5;446;
400;15;53000;755.5;457;
400;15;57000;817;466;
400;15;61000;885.5;473.5;
400;15;65000;979.5;477.5;
400;15;69000;-1;-1;
400;15;73000;-1;-1;
400;20;33000;500;395;
400;20;37000;549;410.5;
400;20;41000;601.5;425;
400;20;45000;654.5;438.5;
400;20;49000;710.5;451;
400;20;53000;766;461.5;
400;20;57000;829;471;
400;20;61000;898.5;478.5;
400;20;65000;993.5;482.5;
400;20;69000;-1;-1;
400;20;73000;-1;-1;
410;-10;33000;456;375;
410;-10;37000;501;390;
410;-10;41000;550;403;
410;-10;45000;598;415;
410;-10;49000;649;426;
410;-10;53000;703;436;
410;-10;57000;766;445;
410;-10;61000;838;451;
410;-10;65000;937;454;
410;-10;69000;-1;-1;
410;-10;73000;-1;-1;
410;-5;33000;463;379.5;
410;-5;37000;508.5;394.5;
410;-5;41000;558;408;
410;-5;45000;607;420;
410;-5;49000;659;431;
410;-5;53000;713.5;441;
410;-5;57000;778;450.5;
410;-5;61000;851;456.5;
410;-5;65000;951.5;459;
410;-5;69000;-1;-1;
410;-5;73000;-1;-1;
410;0;33000;470;384;
410;0;37000;516;399;
410;0;41000;566;413;
410;0;45000;616;425;
410;0;49000;669;436;
410;0;53000;724;446;
410;0;57000;790;456;
410;0;61000;864;462;
410;0;65000;966;464;
410;0;69000;-1;-1;
410;0;73000;-1;-1;
410;5;33000;477;389;
410;5;37000;524;404;
410;5;41000;575;417;
410;5;45000;625;429;
410;5;49000;679;441;
410;5;53000;735;451;
410;5;57000;801;461;
410;5;61000;877;468;
410;5;65000;981;470;
410;5;69000;-1;-1;
410;5;73000;-1;-1;
410;10;33000;484;393;
410;10;37000;532;408;
410;10;41000;583;422;
410;10;45000;635;434;
410;10;49000;689;446;
410;10;53000;746;457;
410;10;57000;813;466;
410;10;61000;890;473;
410;10;65000;996;475;
410;10;69000;-1;-1;
410;10;73000;-1;-1;
410;15;33000;491;397;
410;15;37000;539;413;
410;15;41000;592;427;
410;15;45000;644;439;
410;15;49000;699;451;
410;15;53000;756;462;
410;15;57000;825;471;
410;15;61000;903;478;
410;15;65000;1011;480;
410;15;69000;-1;-1;
410;15;73000;-1;-1;
410;20;33000;498;401;
410;20;37000;547;417;
410;20;41000;600;431;
410;20;45000;653;444;
410;20;49000;709;456;
410;20;53000;767;466;
410;20;57000;837;476;
410;20;61000;916;483;
410;20;65000;1025;485;
410;20;69000;-1;-1;
410;20;73000;-1;-1;
420;-10;33000;456.5;383;
420;-10;37000;502;397;
420;-10;41000;551.5;409.5;
420;-10;45000;601;421.5;
420;-10;49000;655;432.5;
420;-10;53000;715;442;
420;-10;57000;782.5;448.5;
420;-10;61000;857;451;
420;-10;65000;-1;-1;
420;-10;69000;-1;-1;
420;-10;73000;-1;-1;
420;-5;33000;463.5;387.5;
420;-5;37000;509.5;401.75;
420;-5;41000;559.5;414.5;
420;-5;45000;610;426.5;
420;-5;49000;665;437.5;
420;-5;53000;725.75;447.25;
420;-5;57000;794.75;453.75;
420;-5;61000;870.25;456.5;
420;-5;65000;-1;-1;
420;-5;69000;-1;-1;
420;-5;73000;-1;-1;
420;0;33000;470.5;392;
420;0;37000;517;406.5;
420;0;41000;567.5;419.5;
420;0;45000;619;431.5;
420;0;49000;675;442.5;
420;0;53000;736.5;452.5;
420;0;57000;807;459;
420;0;61000;883.5;462;
420;0;65000;-1;-1;
420;0;69000;-1;-1;
420;0;73000;-1;-1;
420;5;33000;477.5;397;
420;5;37000;525;411;
420;5;41000;576.5;424;
420;5;45000;628.5;436;
420;5;49000;685.5;447.5;
420;5;53000;748;457.5;
420;5;57000;818.5;464.5;
420;5;61000;897;467.5;
420;5;65000;-1;-1;
420;5;69000;-1;-1;
420;5;73000;-1;-1;
420;10;33000;484.5;401;
420;10;37000;533;415.5;
420;10;41000;585;429;
420;10;45000;638;441;
420;10;49000;695.5;453;
420;10;53000;759;463;
420;10;57000;831;469.5;
420;10;61000;911;472.5;
420;10;65000;-1;-1;
420;10;69000;-1;-1;
420;10;73000;-1;-1;
420;15;33000;491.5;405.5;
420;15;37000;540.5;420.5;
420;15;41000;593.5;433.5;
420;15;45000;647;446;
420;15;49000;705.5;458;
420;15;53000;769.5;468;
420;15;57000;843;474.5;
420;15;61000;924;478;
420;15;65000;-1;-1;
420;15;69000;-1;-1;
420;15;73000;-1;-1;
420;20;33000;498.5;409.5;
420;20;37000;548;424.5;
420;20;41000;602;438;
420;20;45000;656.5;451;
420;20;49000;715.5;463;
420;20;53000;781;472.5;
420;20;57000;855.5;479.5;
420;20;61000;-1;-1;
420;20;65000;-1;-1;
420;20;69000;-1;-1;
420;20;73000;-1;-1;
430;-10;33000;457;391;
430;-10;37000;503;404;
430;-10;41000;553;416;
430;-10;45000;604;428;
430;-10;49000;661;439;
430;-10;53000;727;448;
430;-10;57000;799;452;
430;-10;61000;876;451;
430;-10;65000;-1;-1;
430;-10;69000;-1;-1;
430;-10;73000;-1;-1;
430;-5;33000;464;395.5;
430;-5;37000;510.5;409;
430;-5;41000;561;421;
430;-5;45000;613;433;
430;-5;49000;671;444;
430;-5;53000;738;453.5;
430;-5;57000;811.5;457;
430;-5;61000;889.5;456.5;
430;-5;65000;-1;-1;
430;-5;69000;-1;-1;
430;-5;73000;-1;-1;
430;0;33000;471;400;
430;0;37000;518;414;
430;0;41000;569;426;
430;0;45000;622;438;
430;0;49000;681;449;
430;0;53000;749;459;
430;0;57000;824;462;
430;0;61000;903;462;
430;0;65000;-1;-1;
430;0;69000;-1;-1;
430;0;73000;-1;-1;
430;5;33000;478;405;
430;5;37000;526;418;
430;5;41000;578;431;
430;5;45000;632;443;
430;5;49000;692;454;
430;5;53000;761;464;
430;5;57000;836;468;
430;5;61000;917;467;
430;5;65000;-1;-1;
430;5;69000;-1;-1;
430;5;73000;-1;-1;
430;10;33000;485;409;
430;10;37000;534;423;
430;10;41000;587;436;
430;10;45000;641;448;
430;10;49000;702;460;
430;10;53000;772;469;
430;10;57000;849;473;
430;10;61000;932;472;
430;10;65000;-1;-1;
430;10;69000;-1;-1;
430;10;73000;-1;-1;
430;15;33000;492;414;
430;15;37000;542;428;
430;15;41000;595;440;
430;15;45000;650;453;
430;15;49000;712;465;
430;15;53000;783;474;
430;15;57000;861;478;
430;15;61000;945;478;
430;15;65000;-1;-1;
430;15;69000;-1;-1;
430;15;73000;-1;-1;
430;20;33000;499;418;
430;20;37000;549;432;
430;20;41000;604;445;
430;20;45000;660;458;
430;20;49000;722;470;
430;20;53000;795;479;
430;20;57000;874;483;
430;20;61000;-1;-1;
430;20;65000;-1;-1;
430;20;69000;-1;-1;
430;20;73000;-1;-1;
440;-10;33000;456;395.5;
440;-10;37000;503.5;410;
440;-10;41000;556;423;
440;-10;45000;611;435;
440;-10;49000;673.5;444;
440;-10;53000;745;450;
440;-10;57000;-1;-1;
440;-10;61000;-1;-1;
440;-10;65000;-1;-1;
440;-10;69000;-1;-1;
440;-10;73000;-1;-1;
440;-5;33000;463;400;
440;-5;37000;511.25;415;
440;-5;41000;564.5;428;
440;-5;45000;620.25;440;
440;-5;49000;683.75;449.25;
440;-5;53000;756.5;455.5;
440;-5;57000;-1;-1;
440;-5;61000;-1;-1;
440;-5;65000;-1;-1;
440;-5;69000;-1;-1;
440;-5;73000;-1;-1;
440;0;33000;470;404.5;
440;0;37000;519;420;
440;0;41000;573;433;
440;0;45000;629.5;445;
440;0;49000;694;454.5;
440;0;53000;768;461;
440;0;57000;-1;-1;
440;0;61000;-1;-1;
440;0;65000;-1;-1;
440;0;69000;-1;-1;
440;0;73000;-1;-1;
440;5;33000;477;409.5;
440;5;37000;527;424;
440;5;41000;581.5;438;
440;5;45000;639;450;
440;5;49000;705;459.5;
440;5;53000;780;466;
440;5;57000;-1;-1;
440;5;61000;-1;-1;
440;5;65000;-1;-1;
440;5;69000;-1;-1;
440;5;73000;-1;-1;
440;10;33000;484;414;
440;10;37000;534.5;429;
440;10;41000;590.5;443;
440;10;45000;648.5;455;
440;10;49000;715.5;465.5;
440;10;53000;792;471;
440;10;57000;-1;-1;
440;10;61000;-1;-1;
440;10;65000;-1;-1;
440;10;69000;-1;-1;
440;10;73000;-1;-1;
440;15;33000;491;418.5;
440;15;37000;542.5;434;
440;15;41000;599;447.5;
440;15;45000;658;460.5;
440;15;49000;726.5;470.5;
440;15;53000;803;476.5;
440;15;57000;-1;-1;
440;15;61000;-1;-1;
440;15;65000;-1;-1;
440;15;69000;-1;-1;
440;15;73000;-1;-1;
440;20;33000;498;423;
440;20;37000;550;438.5;
440;20;41000;607.5;452.5;
440;20;45000;667.5;465.5;
440;20;49000;736.5;475.5;
440;20;53000;-1;-1;
440;20;57000;-1;-1;
440;20;61000;-1;-1;
440;20;65000;-1;-1;
440;20;69000;-1;-1;
440;20;73000;-1;-1;
450;-10;33000;455;400;
450;-10;37000;504;416;
450;-10;41000;559;430;
450;-10;45000;618;442;
450;-10;49000;686;449;
450;-10;53000;763;452;
450;-10;57000;-1;-1;
450;-10;61000;-1;-1;
450;-10;65000;-1;-1;
450;-10;69000;-1;-1;
450;-10;73000;-1;-1;
450;-5;33000;462;404.5;
450;-5;37000;512;421;
450;-5;41000;568;435;
450;-5;45000;627.5;447;
450;-5;49000;696.5;454.5;
450;-5;53000;775;457.5;
450;-5;57000;-1;-1;
450;-5;61000;-1;-1;
450;-5;65000;-1;-1;
450;-5;69000;-1;-1;
450;-5;73000;-1;-1;
450;0;33000;469;409;
450;0;37000;520;426;
450;0;41000;577;440;
450;0;45000;637;452;
450;0;49000;707;460;
450;0;53000;787;463;
450;0;57000;-1;-1;
450;0;61000;-1;-1;
450;0;65000;-1;-1;
450;0;69000;-1;-1;
450;0;73000;-1;-1;
450;5;33000;476;414;
450;5;37000;528;430;
450;5;41000;585;445;
450;5;45000;646;457;
450;5;49000;718;465;
450;5;53000;799;468;
450;5;57000;-1;-1;
450;5;61000;-1;-1;
450;5;65000;-1;-1;
450;5;69000;-1;-1;
450;5;73000;-1;-1;
450;10;33000;483;419;
450;10;37000;535;435;
450;10;41000;594;450;
450;10;45000;656;462;
450;10;49000;729;471;
450;10;53000;812;473;
450;10;57000;-1;-1;
450;10;61000;-1;-1;
450;10;65000;-1;-1;
450;10;69000;-1;-1;
450;10;73000;-1;-1;
450;15;33000;490;423;
450;15;37000;543;440;
450;15;41000;603;455;
450;15;45000;666;468;
450;15;49000;741;476;
450;15;53000;823;479;
450;15;57000;-1;-1;
450;15;61000;-1;-1;
450;15;65000;-1;-1;
450;15;69000;-1;-1;
450;15;73000;-1;-1;
450;20;33000;497;428;
450;20;37000;551;445;
450;20;41000;611;460;
450;20;45000;675;473;
450;20;49000;751;481;
450;20;53000;-1;-1;
450;20;57000;-1;-1;
450;20;61000;-1;-1;
450;20;65000;-1;-1;
450;20;69000;-1;-1;
450;20;73000;-1;-1;
460;-10;33000;456;406;
460;-10;37000;508.5;422.5;
460;-10;41000;565;436;
460;-10;45000;630;446;
460;-10;49000;704.5;450.5;
460;-10;53000;-1;-1;
460;-10;57000;-1;-1;
460;-10;61000;-1;-1;
460;-10;65000;-1;-1;
460;-10;69000;-1;-1;
460;-10;73000;-1;-1;
460;-5;33000;463;410.75;
460;-5;37000;516.5;427.5;
460;-5;41000;574;441.25;
460;-5;45000;639.75;451.25;
460;-5;49000;715.25;456;
460;-5;53000;-1;-1;
460;-5;57000;-1;-1;
460;-5;61000;-1;-1;
460;-5;65000;-1;-1;
460;-5;69000;-1;-1;
460;-5;73000;-1;-1;
460;0;33000;470;415.5;
460;0;37000;524.5;432.5;
460;0;41000;583;446.5;
460;0;45000;649.5;456.5;
460;0;49000;726;461.5;
460;0;53000;-1;-1;
460;0;57000;-1;-1;
460;0;61000;-1;-1;
460;0;65000;-1;-1;
460;0;69000;-1;-1;
460;0;73000;-1;-1;
460;5;33000;477;420.5;
460;5;37000;532.5;437;
460;5;41000;591;451.5;
460;5;45000;659;461.5;
460;5;49000;737.5;466.5;
460;5;53000;-1;-1;
460;5;57000;-1;-1;
460;5;61000;-1;-1;
460;5;65000;-1;-1;
460;5;69000;-1;-1;
460;5;73000;-1;-1;
460;10;33000;484;425;
460;10;37000;540;442;
460;10;41000;600;456.5;
460;10;45000;668.5;467;
460;10;49000;748.5;472;
460;10;53000;-1;-1;
460;10;57000;-1;-1;
460;10;61000;-1;-1;
460;10;65000;-1;-1;
460;10;69000;-1;-1;
460;10;73000;-1;-1;
460;15;33000;491;429.5;
460;15;37000;548;447;
460;15;41000;609;461.5;
460;15;45000;679;472.5;
460;15;49000;761;477.5;
460;15;53000;-1;-1;
460;15;57000;-1;-1;
460;15;61000;-1;-1;
460;15;65000;-1;-1;
460;15;69000;-1;-1;
460;15;73000;-1;-1;
460;20;33000;498;434.5;
460;20;37000;556;452;
460;20;41000;617.5;466.5;
460;20;45000;689;477.5;
460;20;49000;-1;-1;
460;20;53000;-1;-1;
460;20;57000;-1;-1;
460;20;61000;-1;-1;
460;20;65000;-1;-1;
460;20;69000;-1;-1;
460;20;73000;-1;-1;
470;-10;33000;457;412;
470;-10;37000;513;429;
470;-10;41000;571;442;
470;-10;45000;642;450;
470;-10;49000;723;452;
470;-10;53000;-1;-1;
470;-10;57000;-1;-1;
470;-10;61000;-1;-1;
470;-10;65000;-1;-1;
470;-10;69000;-1;-1;
470;-10;73000;-1;-1;
470;-5;33000;464;417;
470;-5;37000;521;434;
470;-5;41000;580;447.5;
470;-5;45000;652;455.5;
470;-5;49000;734;457.5;
470;-5;53000;-1;-1;
470;-5;57000;-1;-1;
470;-5;61000;-1;-1;
470;-5;65000;-1;-1;
470;-5;69000;-1;-1;
470;-5;73000;-1;-1;
470;0;33000;471;422;
470;0;37000;529;439;
470;0;41000;589;453;
470;0;45000;662;461;
470;0;49000;745;463;
470;0;53000;-1;-1;
470;0;57000;-1;-1;
470;0;61000;-1;-1;
470;0;65000;-1;-1;
470;0;69000;-1;-1;
470;0;73000;-1;-1;
470;5;33000;478;427;
470;5;37000;537;444;
470;5;41000;597;458;
470;5;45000;672;466;
470;5;49000;757;468;
470;5;53000;-1;-1;
470;5;57000;-1;-1;
470;5;61000;-1;-1;
470;5;65000;-1;-1;
470;5;69000;-1;-1;
470;5;73000;-1;-1;
470;10;33000;485;431;
470;10;37000;545;449;
470;10;41000;606;463;
470;10;45000;681;472;
470;10;49000;768;473;
470;10;53000;-1;-1;
470;10;57000;-1;-1;
470;10;61000;-1;-1;
470;10;65000;-1;-1;
470;10;69000;-1;-1;
470;10;73000;-1;-1;
470;15;33000;492;436;
470;15;37000;553;454;
470;15;41000;615;468;
470;15;45000;692;477;
470;15;49000;781;479;
470;15;53000;-1;-1;
470;15;57000;-1;-1;
470;15;61000;-1;-1;
470;15;65000;-1;-1;
470;15;69000;-1;-1;
470;15;73000;-1;-1;
470;20;33000;499;441;
470;20;37000;561;459;
470;20;41000;624;473;
470;20;45000;703;482;
470;20;49000;-1;-1;
470;20;53000;-1;-1;
470;20;57000;-1;-1;
470;20;61000;-1;-1;
470;20;65000;-1;-1;
470;20;69000;-1;-1;
470;20;73000;-1;-1;
480;-10;33000;457;417;
480;-10;37000;517.5;435;
480;-10;41000;584.5;446.5;
480;-10;45000;-1;-1;
480;-10;49000;-1;-1;
480;-10;53000;-1;-1;
480;-10;57000;-1;-1;
480;-10;61000;-1;-1;
480;-10;65000;-1;-1;
480;-10;69000;-1;-1;
480;-10;73000;-1;-1;
480;-5;33000;464;422;
480;-5;37000;525.5;440;
480;-5;41000;593.5;452;
480;-5;45000;-1;-1;
480;-5;49000;-1;-1;
480;-5;53000;-1;-1;
480;-5;57000;-1;-1;
480;-5;61000;-1;-1;
480;-5;65000;-1;-1;
480;-5;69000;-1;-1;
480;-5;73000;-1;-1;
480;0;33000;471;427;
480;0;37000;533.5;445;
480;0;41000;602.5;457.5;
480;0;45000;-1;-1;
480;0;49000;-1;-1;
480;0;53000;-1;-1;
480;0;57000;-1;-1;
480;0;61000;-1;-1;
480;0;65000;-1;-1;
480;0;69000;-1;-1;
480;0;73000;-1;-1;
480;5;33000;478;432;
480;5;37000;541.5;450;
480;5;41000;611.5;463;
480;5;45000;-1;-1;
480;5;49000;-1;-1;
480;5;53000;-1;-1;
480;5;57000;-1;-1;
480;5;61000;-1;-1;
480;5;65000;-1;-1;
480;5;69000;-1;-1;
480;5;73000;-1;-1;
480;10;33000;485;436.5;
480;10;37000;549.5;455;
480;10;41000;620.5;468;
480;10;45000;-1;-1;
480;10;49000;-1;-1;
480;10;53000;-1;-1;
480;10;57000;-1;-1;
480;10;61000;-1;-1;
480;10;65000;-1;-1;
480;10;69000;-1;-1;
480;10;73000;-1;-1;
480;15;33000;492;441.5;
480;15;37000;558;460.5;
480;15;41000;630;473;
480;15;45000;-1;-1;
480;15;49000;-1;-1;
480;15;53000;-1;-1;
480;15;57000;-1;-1;
480;15;61000;-1;-1;
480;15;65000;-1;-1;
480;15;69000;-1;-1;
480;15;73000;-1;-1;
480;20;33000;499;446.5;
480;20;37000;566;465.5;
480;20;41000;639.5;478;
480;20;45000;-1;-1;
480;20;49000;-1;-1;
480;20;53000;-1;-1;
480;20;57000;-1;-1;
480;20;61000;-1;-1;
480;20;65000;-1;-1;
480;20;69000;-1;-1;
480;20;73000;-1;-1;
490;-10;33000;457;422;
490;-10;37000;522;441;
490;-10;41000;598;451;
490;-10;45000;-1;-1;
490;-10;49000;-1;-1;
490;-10;53000;-1;-1;
490;-10;57000;-1;-1;
490;-10;61000;-1;-1;
490;-10;65000;-1;-1;
490;-10;69000;-1;-1;
490;-10;73000;-1;-1;
490;-5;33000;464;427;
490;-5;37000;530;446;
490;-5;41000;607;456.5;
490;-5;45000;-1;-1;
490;-5;49000;-1;-1;
490;-5;53000;-1;-1;
490;-5;57000;-1;-1;
490;-5;61000;-1;-1;
490;-5;65000;-1;-1;
490;-5;69000;-1;-1;
490;-5;73000;-1;-1;
490;0;33000;471;432;
490;0;37000;538;451;
490;0;41000;616;462;
490;0;45000;-1;-1;
490;0;49000;-1;-1;
490;0;53000;-1;-1;
490;0;57000;-1;-1;
490;0;61000;-1;-1;
490;0;65000;-1;-1;
490;0;69000;-1;-1;
490;0;73000;-1;-1;
490;5;33000;478;437;
490;5;37000;546;456;
490;5;41000;626;468;
490;5;45000;-1;-1;
490;5;49000;-1;-1;
490;5;53000;-1;-1;
490;5;57000;-1;-1;
490;5;61000;-1;-1;
490;5;65000;-1;-1;
490;5;69000;-1;-1;
490;5;73000;-1;-1;
490;10;33000;485;442;
490;10;37000;554;461;
490;10;41000;635;473;
490;10;45000;-1;-1;
490;10;49000;-1;-1;
490;10;53000;-1;-1;
490;10;57000;-1;-1;
490;10;61000;-1;-1;
490;10;65000;-1;-1;
490;10;69000;-1;-1;
490;10;73000;-1;-1;
490;15;33000;492;447;
490;15;37000;563;467;
490;15;41000;645;478;
490;15;45000;-1;-1;
490;15;49000;-1;-1;
490;15;53000;-1;-1;
490;15;57000;-1;-1;
490;15;61000;-1;-1;
490;15;65000;-1;-1;
490;15;69000;-1;-1;
490;15;73000;-1;-1;
490;20;33000;499;452;
490;20;37000;571;472;
490;20;41000;655;483;
490;20;45000;-1;-1;
490;20;49000;-1;-1;
490;20;53000;-1;-1;
490;20;57000;-1;-1;
490;20;61000;-1;-1;
490;20;65000;-1;-1;
490;20;69000;-1;-1;
490;20;73000;-1;-1;
